GHO (CODE),GHO (DISPLAY),GHO (URL),PUBLISHSTATE (CODE),PUBLISHSTATE (DISPLAY),PUBLISHSTATE (URL),YEAR (CODE),YEAR (DISPLAY),YEAR (URL),REGION (CODE),REGION (DISPLAY),REGION (URL),WORLDBANKINCOMEGROUP (CODE),STARTYEAR,ENDYEAR,WORLDBANKINCOMEGROUP (DISPLAY),WORLDBANKINCOMEGROUP (URL),COUNTRY (CODE),COUNTRY (DISPLAY),COUNTRY (URL),Display Value,Numeric,Low,High,StdErr,StdDev,Comments
#indicator+code,#indicator+name,#indicator+url,#status+code,#status+name,,,#date+year,,#region+code,#region+name,,,#date+year+start,#date+year+end,,,#country+code,#country+name,,,#indicator+value+num,,,,,
CHOLERA_0000000002,Number of reported deaths from cholera,https://www.who.int/data/gho/indicator-metadata-registry/imr-details/2446,PUBLISHED,Published,,1994,1994,,AFR,Africa,,,1994,1994,,,KEN,Kenya,,28,28.00000,,,,,
CHOLERA_0000000002,Number of reported deaths from cholera,https://www.who.int/data/gho/indicator-metadata-registry/imr-details/2446,PUBLISHED,Published,,1995,1995,,AFR,Africa,,,1995,1995,,,KEN,Kenya,,39,39.00000,,,,,
CHOLERA_0000000002,Number of reported deaths from cholera,https://www.who.int/data/gho/indicator-metadata-registry/imr-details/2446,PUBLISHED,Published,,1971,1971,,AFR,Africa,,,1971,1971,,,KEN,Kenya,,38,38.00000,,,,,
CHOLERA_0000000002,Number of reported deaths from cholera,https://www.who.int/data/gho/indicator-metadata-registry/imr-details/2446,PUBLISHED,Published,,1972,1972,,AFR,Africa,,,1972,1972,,,KEN,Kenya,,0,0.00000,,,,,
CHOLERA_0000000002,Number of reported deaths from cholera,https://www.who.int/data/gho/indicator-metadata-registry/imr-details/2446,PUBLISHED,Published,,1974,1974,,AFR,Africa,,,1974,1974,,,KEN,Kenya,,20,20.00000,,,,,
CHOLERA_0000000002,Number of reported deaths from cholera,https://www.who.int/data/gho/indicator-metadata-registry/imr-details/2446,PUBLISHED,Published,,1975,1975,,AFR,Africa,,,1975,1975,,,KEN,Kenya,,74,74.00000,,,,,
CHOLERA_0000000002,Number of reported deaths from cholera,https://www.who.int/data/gho/indicator-metadata-registry/imr-details/2446,PUBLISHED,Published,,1976,1976,,AFR,Africa,,,1976,1976,,,KEN,Kenya,,59,59.00000,,,,,
CHOLERA_0000000002,Number of reported deaths from cholera,https://www.who.int/data/gho/indicator-metadata-registry/imr-details/2446,PUBLISHED,Published,,1977,1977,,AFR,Africa,,,1977,1977,,,KEN,Kenya,,0,0.00000,,,,,
CHOLERA_0000000002,Number of reported deaths from cholera,https://www.who.int/data/gho/indicator-metadata-registry/imr-details/2446,PUBLISHED,Published,,1978,1978,,AFR,Africa,,,1978,1978,,,KEN,Kenya,,17,17.00000,,,,,
CHOLERA_0000000002,Number of reported deaths from cholera,https://www.who.int/data/gho/indicator-metadata-registry/imr-details/2446,PUBLISHED,Published,,1979,1979,,AFR,Africa,,,1979,1979,,,KEN,Kenya,,2,2.00000,,,,,
CHOLERA_0000000002,Number of reported deaths from cholera,https://www.who.int/data/gho/indicator-metadata-registry/imr-details/2446,PUBLISHED,Published,,1980,1980,,AFR,Africa,,,1980,1980,,,KEN,Kenya,,42,42.00000,,,,,
CHOLERA_0000000002,Number of reported deaths from cholera,https://www.who.int/data/gho/indicator-metadata-registry/imr-details/2446,PUBLISHED,Published,,1983,1983,,AFR,Africa,,,1983,1983,,,KEN,Kenya,,53,53.00000,,,,,
CHOLERA_0000000002,Number of reported deaths from cholera,https://www.who.int/data/gho/indicator-metadata-registry/imr-details/2446,PUBLISHED,Published,,1984,1984,,AFR,Africa,,,1984,1984,,,KEN,Kenya,,0,0.00000,,,,,
CHOLERA_0000000002,Number of reported deaths from cholera,https://www.who.int/data/gho/indicator-metadata-registry/imr-details/2446,PUBLISHED,Published,,1987,1987,,AFR,Africa,,,1987,1987,,,KEN,Kenya,,12,12.00000,,,,,
CHOLERA_0000000002,Number of reported deaths from cholera,https://www.who.int/data/gho/indicator-metadata-registry/imr-details/2446,PUBLISHED,Published,,1989,1989,,AFR,Africa,,,1989,1989,,,KEN,Kenya,,32,32.00000,,,,,
CHOLERA_0000000002,Number of reported deaths from cholera,https://www.who.int/data/gho/indicator-metadata-registry/imr-details/2446,PUBLISHED,Published,,1992,1992,,AFR,Africa,,,1992,1992,,,KEN,Kenya,,100,100.00000,,,,,
CHOLERA_0000000002,Number of reported deaths from cholera,https://www.who.int/data/gho/indicator-metadata-registry/imr-details/2446,PUBLISHED,Published,,1996,1996,,AFR,Africa,,,1996,1996,,,KEN,Kenya,,14,14.00000,,,,,
CHOLERA_0000000002,Number of reported deaths from cholera,https://www.who.int/data/gho/indicator-metadata-registry/imr-details/2446,PUBLISHED,Published,,1981,1981,,AFR,Africa,,,1981,1981,,,KEN,Kenya,,108,108.00000,,,,,
CHOLERA_0000000002,Number of reported deaths from cholera,https://www.who.int/data/gho/indicator-metadata-registry/imr-details/2446,PUBLISHED,Published,,1982,1982,,AFR,Africa,,,1982,1982,,,KEN,Kenya,,91,91.00000,,,,,
CHOLERA_0000000002,Number of reported deaths from cholera,https://www.who.int/data/gho/indicator-metadata-registry/imr-details/2446,PUBLISHED,Published,,1985,1985,,AFR,Africa,,,1985,1985,,,KEN,Kenya,,102,102.00000,,,,,
CHOLERA_0000000002,Number of reported deaths from cholera,https://www.who.int/data/gho/indicator-metadata-registry/imr-details/2446,PUBLISHED,Published,,1986,1986,,AFR,Africa,,,1986,1986,,,KEN,Kenya,,45,45.00000,,,,,
CHOLERA_0000000002,Number of reported deaths from cholera,https://www.who.int/data/gho/indicator-metadata-registry/imr-details/2446,PUBLISHED,Published,,2009,2009,,AFR,Africa,,,2009,2009,,,KEN,Kenya,,264,264.00000,,,,,
CHOLERA_0000000002,Number of reported deaths from cholera,https://www.who.int/data/gho/indicator-metadata-registry/imr-details/2446,PUBLISHED,Published,,2008,2008,,AFR,Africa,,,2008,2008,,,KEN,Kenya,,113,113.00000,,,,,
CHOLERA_0000000002,Number of reported deaths from cholera,https://www.who.int/data/gho/indicator-metadata-registry/imr-details/2446,PUBLISHED,Published,,2007,2007,,AFR,Africa,,,2007,2007,,,KEN,Kenya,,67,67.00000,,,,,
CHOLERA_0000000002,Number of reported deaths from cholera,https://www.who.int/data/gho/indicator-metadata-registry/imr-details/2446,PUBLISHED,Published,,2006,2006,,AFR,Africa,,,2006,2006,,,KEN,Kenya,,11,11.00000,,,,,
CHOLERA_0000000002,Number of reported deaths from cholera,https://www.who.int/data/gho/indicator-metadata-registry/imr-details/2446,PUBLISHED,Published,,2005,2005,,AFR,Africa,,,2005,2005,,,KEN,Kenya,,21,21.00000,,,,,
CHOLERA_0000000002,Number of reported deaths from cholera,https://www.who.int/data/gho/indicator-metadata-registry/imr-details/2446,PUBLISHED,Published,,2004,2004,,AFR,Africa,,,2004,2004,,,KEN,Kenya,,15,15.00000,,,,,
CHOLERA_0000000002,Number of reported deaths from cholera,https://www.who.int/data/gho/indicator-metadata-registry/imr-details/2446,PUBLISHED,Published,,1997,1997,,AFR,Africa,,,1997,1997,,,KEN,Kenya,,555,555.00000,,,,,
CHOLERA_0000000002,Number of reported deaths from cholera,https://www.who.int/data/gho/indicator-metadata-registry/imr-details/2446,PUBLISHED,Published,,1998,1998,,AFR,Africa,,,1998,1998,,,KEN,Kenya,,1237,1237.00000,,,,,
CHOLERA_0000000002,Number of reported deaths from cholera,https://www.who.int/data/gho/indicator-metadata-registry/imr-details/2446,PUBLISHED,Published,,1999,1999,,AFR,Africa,,,1999,1999,,,KEN,Kenya,,350,350.00000,,,,,
CHOLERA_0000000002,Number of reported deaths from cholera,https://www.who.int/data/gho/indicator-metadata-registry/imr-details/2446,PUBLISHED,Published,,2000,2000,,AFR,Africa,,,2000,2000,,,KEN,Kenya,,78,78.00000,,,,,
CHOLERA_0000000002,Number of reported deaths from cholera,https://www.who.int/data/gho/indicator-metadata-registry/imr-details/2446,PUBLISHED,Published,,2001,2001,,AFR,Africa,,,2001,2001,,,KEN,Kenya,,55,55.00000,,,,,
CHOLERA_0000000002,Number of reported deaths from cholera,https://www.who.int/data/gho/indicator-metadata-registry/imr-details/2446,PUBLISHED,Published,,2002,2002,,AFR,Africa,,,2002,2002,,,KEN,Kenya,,10,10.00000,,,,,
CHOLERA_0000000002,Number of reported deaths from cholera,https://www.who.int/data/gho/indicator-metadata-registry/imr-details/2446,PUBLISHED,Published,,2010,2010,,AFR,Africa,,,2010,2010,,,KEN,Kenya,,63,63.00000,,,,,
CHOLERA_0000000002,Number of reported deaths from cholera,https://www.who.int/data/gho/indicator-metadata-registry/imr-details/2446,PUBLISHED,Published,,2011,2011,,AFR,Africa,,,2011,2011,,,KEN,Kenya,,2,2.00000,,,,,
MENING_1,Number of suspected meningitis deaths reported,https://www.who.int/data/gho/indicator-metadata-registry/imr-details/2478,PUBLISHED,Published,,1978,1978,,AFR,Africa,,,1978,1978,,,KEN,Kenya,,145,,,,,,
MENING_1,Number of suspected meningitis deaths reported,https://www.who.int/data/gho/indicator-metadata-registry/imr-details/2478,PUBLISHED,Published,,1979,1979,,AFR,Africa,,,1979,1979,,,KEN,Kenya,,152,,,,,,
MENING_1,Number of suspected meningitis deaths reported,https://www.who.int/data/gho/indicator-metadata-registry/imr-details/2478,PUBLISHED,Published,,1980,1980,,AFR,Africa,,,1980,1980,,,KEN,Kenya,,97,,,,,,
MENING_1,Number of suspected meningitis deaths reported,https://www.who.int/data/gho/indicator-metadata-registry/imr-details/2478,PUBLISHED,Published,,1983,1983,,AFR,Africa,,,1983,1983,,,KEN,Kenya,,36,,,,,,
MENING_1,Number of suspected meningitis deaths reported,https://www.who.int/data/gho/indicator-metadata-registry/imr-details/2478,PUBLISHED,Published,,1999,1999,,AFR,Africa,,,1999,1999,,,KEN,Kenya,,4,,,,,,
MENING_1,Number of suspected meningitis deaths reported,https://www.who.int/data/gho/indicator-metadata-registry/imr-details/2478,PUBLISHED,Published,,2000,2000,,AFR,Africa,,,2000,2000,,,KEN,Kenya,,0,,,,,,
MENING_1,Number of suspected meningitis deaths reported,https://www.who.int/data/gho/indicator-metadata-registry/imr-details/2478,PUBLISHED,Published,,2001,2001,,AFR,Africa,,,2001,2001,,,KEN,Kenya,,0,,,,,,
MENING_1,Number of suspected meningitis deaths reported,https://www.who.int/data/gho/indicator-metadata-registry/imr-details/2478,PUBLISHED,Published,,2002,2002,,AFR,Africa,,,2002,2002,,,KEN,Kenya,,2,,,,,,
MENING_1,Number of suspected meningitis deaths reported,https://www.who.int/data/gho/indicator-metadata-registry/imr-details/2478,PUBLISHED,Published,,2007,2007,,AFR,Africa,,,2007,2007,,,KEN,Kenya,,43,,,,,,
MENING_1,Number of suspected meningitis deaths reported,https://www.who.int/data/gho/indicator-metadata-registry/imr-details/2478,PUBLISHED,Published,,1977,1977,,AFR,Africa,,,1977,1977,,,KEN,Kenya,,196,,,,,,
MENING_1,Number of suspected meningitis deaths reported,https://www.who.int/data/gho/indicator-metadata-registry/imr-details/2478,PUBLISHED,Published,,1981,1981,,AFR,Africa,,,1981,1981,,,KEN,Kenya,,107,,,,,,
MENING_1,Number of suspected meningitis deaths reported,https://www.who.int/data/gho/indicator-metadata-registry/imr-details/2478,PUBLISHED,Published,,1982,1982,,AFR,Africa,,,1982,1982,,,KEN,Kenya,,47,,,,,,
MENING_1,Number of suspected meningitis deaths reported,https://www.who.int/data/gho/indicator-metadata-registry/imr-details/2478,PUBLISHED,Published,,2006,2006,,AFR,Africa,,,2006,2006,,,KEN,Kenya,,20,,,,,,
CHOLERA_0000000001,Number of reported cases of cholera,https://www.who.int/data/gho/indicator-metadata-registry/imr-details/42,PUBLISHED,Published,,1994,1994,,AFR,Africa,,,1994,1994,,,KEN,Kenya,,880,,,,,,
CHOLERA_0000000001,Number of reported cases of cholera,https://www.who.int/data/gho/indicator-metadata-registry/imr-details/42,PUBLISHED,Published,,1995,1995,,AFR,Africa,,,1995,1995,,,KEN,Kenya,,1547,,,,,,
CHOLERA_0000000001,Number of reported cases of cholera,https://www.who.int/data/gho/indicator-metadata-registry/imr-details/42,PUBLISHED,Published,,1971,1971,,AFR,Africa,,,1971,1971,,,KEN,Kenya,,239,,,,,,
CHOLERA_0000000001,Number of reported cases of cholera,https://www.who.int/data/gho/indicator-metadata-registry/imr-details/42,PUBLISHED,Published,,1972,1972,,AFR,Africa,,,1972,1972,,,KEN,Kenya,,51,,,,,,
CHOLERA_0000000001,Number of reported cases of cholera,https://www.who.int/data/gho/indicator-metadata-registry/imr-details/42,PUBLISHED,Published,,1974,1974,,AFR,Africa,,,1974,1974,,,KEN,Kenya,,402,,,,,,
CHOLERA_0000000001,Number of reported cases of cholera,https://www.who.int/data/gho/indicator-metadata-registry/imr-details/42,PUBLISHED,Published,,1975,1975,,AFR,Africa,,,1975,1975,,,KEN,Kenya,,1093,,,,,,
CHOLERA_0000000001,Number of reported cases of cholera,https://www.who.int/data/gho/indicator-metadata-registry/imr-details/42,PUBLISHED,Published,,1976,1976,,AFR,Africa,,,1976,1976,,,KEN,Kenya,,1359,,,,,,
CHOLERA_0000000001,Number of reported cases of cholera,https://www.who.int/data/gho/indicator-metadata-registry/imr-details/42,PUBLISHED,Published,,1977,1977,,AFR,Africa,,,1977,1977,,,KEN,Kenya,,21,,,,,,
CHOLERA_0000000001,Number of reported cases of cholera,https://www.who.int/data/gho/indicator-metadata-registry/imr-details/42,PUBLISHED,Published,,1978,1978,,AFR,Africa,,,1978,1978,,,KEN,Kenya,,673,,,,,,
CHOLERA_0000000001,Number of reported cases of cholera,https://www.who.int/data/gho/indicator-metadata-registry/imr-details/42,PUBLISHED,Published,,1979,1979,,AFR,Africa,,,1979,1979,,,KEN,Kenya,,1070,,,,,,
CHOLERA_0000000001,Number of reported cases of cholera,https://www.who.int/data/gho/indicator-metadata-registry/imr-details/42,PUBLISHED,Published,,1980,1980,,AFR,Africa,,,1980,1980,,,KEN,Kenya,,2808,,,,,,
CHOLERA_0000000001,Number of reported cases of cholera,https://www.who.int/data/gho/indicator-metadata-registry/imr-details/42,PUBLISHED,Published,,1983,1983,,AFR,Africa,,,1983,1983,,,KEN,Kenya,,1049,,,,,,
CHOLERA_0000000001,Number of reported cases of cholera,https://www.who.int/data/gho/indicator-metadata-registry/imr-details/42,PUBLISHED,Published,,1984,1984,,AFR,Africa,,,1984,1984,,,KEN,Kenya,,14,,,,,,
CHOLERA_0000000001,Number of reported cases of cholera,https://www.who.int/data/gho/indicator-metadata-registry/imr-details/42,PUBLISHED,Published,,1987,1987,,AFR,Africa,,,1987,1987,,,KEN,Kenya,,255,,,,,,
CHOLERA_0000000001,Number of reported cases of cholera,https://www.who.int/data/gho/indicator-metadata-registry/imr-details/42,PUBLISHED,Published,,1989,1989,,AFR,Africa,,,1989,1989,,,KEN,Kenya,,918,,,,,,
CHOLERA_0000000001,Number of reported cases of cholera,https://www.who.int/data/gho/indicator-metadata-registry/imr-details/42,PUBLISHED,Published,,1992,1992,,AFR,Africa,,,1992,1992,,,KEN,Kenya,,3388,,,,,,
CHOLERA_0000000001,Number of reported cases of cholera,https://www.who.int/data/gho/indicator-metadata-registry/imr-details/42,PUBLISHED,Published,,1996,1996,,AFR,Africa,,,1996,1996,,,KEN,Kenya,,482,,,,,,
CHOLERA_0000000001,Number of reported cases of cholera,https://www.who.int/data/gho/indicator-metadata-registry/imr-details/42,PUBLISHED,Published,,1981,1981,,AFR,Africa,,,1981,1981,,,KEN,Kenya,,2424,,,,,,
CHOLERA_0000000001,Number of reported cases of cholera,https://www.who.int/data/gho/indicator-metadata-registry/imr-details/42,PUBLISHED,Published,,1982,1982,,AFR,Africa,,,1982,1982,,,KEN,Kenya,,3498,,,,,,
CHOLERA_0000000001,Number of reported cases of cholera,https://www.who.int/data/gho/indicator-metadata-registry/imr-details/42,PUBLISHED,Published,,1985,1985,,AFR,Africa,,,1985,1985,,,KEN,Kenya,,1352,,,,,,
CHOLERA_0000000001,Number of reported cases of cholera,https://www.who.int/data/gho/indicator-metadata-registry/imr-details/42,PUBLISHED,Published,,1986,1986,,AFR,Africa,,,1986,1986,,,KEN,Kenya,,839,,,,,,
CHOLERA_0000000001,Number of reported cases of cholera,https://www.who.int/data/gho/indicator-metadata-registry/imr-details/42,PUBLISHED,Published,,2009,2009,,AFR,Africa,,,2009,2009,,,KEN,Kenya,,11425,,,,,,
CHOLERA_0000000001,Number of reported cases of cholera,https://www.who.int/data/gho/indicator-metadata-registry/imr-details/42,PUBLISHED,Published,,2008,2008,,AFR,Africa,,,2008,2008,,,KEN,Kenya,,3091,,,,,,
CHOLERA_0000000001,Number of reported cases of cholera,https://www.who.int/data/gho/indicator-metadata-registry/imr-details/42,PUBLISHED,Published,,2007,2007,,AFR,Africa,,,2007,2007,,,KEN,Kenya,,1206,,,,,,
CHOLERA_0000000001,Number of reported cases of cholera,https://www.who.int/data/gho/indicator-metadata-registry/imr-details/42,PUBLISHED,Published,,2006,2006,,AFR,Africa,,,2006,2006,,,KEN,Kenya,,870,,,,,,
CHOLERA_0000000001,Number of reported cases of cholera,https://www.who.int/data/gho/indicator-metadata-registry/imr-details/42,PUBLISHED,Published,,2005,2005,,AFR,Africa,,,2005,2005,,,KEN,Kenya,,816,,,,,,
CHOLERA_0000000001,Number of reported cases of cholera,https://www.who.int/data/gho/indicator-metadata-registry/imr-details/42,PUBLISHED,Published,,2004,2004,,AFR,Africa,,,2004,2004,,,KEN,Kenya,,870,,,,,,
CHOLERA_0000000001,Number of reported cases of cholera,https://www.who.int/data/gho/indicator-metadata-registry/imr-details/42,PUBLISHED,Published,,1997,1997,,AFR,Africa,,,1997,1997,,,KEN,Kenya,,17200,,,,,,
CHOLERA_0000000001,Number of reported cases of cholera,https://www.who.int/data/gho/indicator-metadata-registry/imr-details/42,PUBLISHED,Published,,1998,1998,,AFR,Africa,,,1998,1998,,,KEN,Kenya,,22432,,,,,,
CHOLERA_0000000001,Number of reported cases of cholera,https://www.who.int/data/gho/indicator-metadata-registry/imr-details/42,PUBLISHED,Published,,1999,1999,,AFR,Africa,,,1999,1999,,,KEN,Kenya,,11039,,,,,,
CHOLERA_0000000001,Number of reported cases of cholera,https://www.who.int/data/gho/indicator-metadata-registry/imr-details/42,PUBLISHED,Published,,2000,2000,,AFR,Africa,,,2000,2000,,,KEN,Kenya,,1157,,,,,,
CHOLERA_0000000001,Number of reported cases of cholera,https://www.who.int/data/gho/indicator-metadata-registry/imr-details/42,PUBLISHED,Published,,2001,2001,,AFR,Africa,,,2001,2001,,,KEN,Kenya,,1001,,,,,,
CHOLERA_0000000001,Number of reported cases of cholera,https://www.who.int/data/gho/indicator-metadata-registry/imr-details/42,PUBLISHED,Published,,2002,2002,,AFR,Africa,,,2002,2002,,,KEN,Kenya,,291,,,,,,
CHOLERA_0000000001,Number of reported cases of cholera,https://www.who.int/data/gho/indicator-metadata-registry/imr-details/42,PUBLISHED,Published,,2010,2010,,AFR,Africa,,,2010,2010,,,KEN,Kenya,,3188,,,,,,
CHOLERA_0000000001,Number of reported cases of cholera,https://www.who.int/data/gho/indicator-metadata-registry/imr-details/42,PUBLISHED,Published,,2011,2011,,AFR,Africa,,,2011,2011,,,KEN,Kenya,,74,,,,,,
CHOLERA_0000000003,Cholera case fatality rate,https://www.who.int/data/gho/indicator-metadata-registry/imr-details/2445,PUBLISHED,Published,,1994,1994,,AFR,Africa,,,1994,1994,,,KEN,Kenya,,3.18,,,,,,
CHOLERA_0000000003,Cholera case fatality rate,https://www.who.int/data/gho/indicator-metadata-registry/imr-details/2445,PUBLISHED,Published,,1995,1995,,AFR,Africa,,,1995,1995,,,KEN,Kenya,,2.52,,,,,,
CHOLERA_0000000003,Cholera case fatality rate,https://www.who.int/data/gho/indicator-metadata-registry/imr-details/2445,PUBLISHED,Published,,1971,1971,,AFR,Africa,,,1971,1971,,,KEN,Kenya,,15.9,,,,,,
CHOLERA_0000000003,Cholera case fatality rate,https://www.who.int/data/gho/indicator-metadata-registry/imr-details/2445,PUBLISHED,Published,,1972,1972,,AFR,Africa,,,1972,1972,,,KEN,Kenya,,0,,,,,,
CHOLERA_0000000003,Cholera case fatality rate,https://www.who.int/data/gho/indicator-metadata-registry/imr-details/2445,PUBLISHED,Published,,1974,1974,,AFR,Africa,,,1974,1974,,,KEN,Kenya,,4.98,,,,,,
CHOLERA_0000000003,Cholera case fatality rate,https://www.who.int/data/gho/indicator-metadata-registry/imr-details/2445,PUBLISHED,Published,,1975,1975,,AFR,Africa,,,1975,1975,,,KEN,Kenya,,6.77,,,,,,
CHOLERA_0000000003,Cholera case fatality rate,https://www.who.int/data/gho/indicator-metadata-registry/imr-details/2445,PUBLISHED,Published,,1976,1976,,AFR,Africa,,,1976,1976,,,KEN,Kenya,,4.34,,,,,,
CHOLERA_0000000003,Cholera case fatality rate,https://www.who.int/data/gho/indicator-metadata-registry/imr-details/2445,PUBLISHED,Published,,1977,1977,,AFR,Africa,,,1977,1977,,,KEN,Kenya,,0,,,,,,
CHOLERA_0000000003,Cholera case fatality rate,https://www.who.int/data/gho/indicator-metadata-registry/imr-details/2445,PUBLISHED,Published,,1978,1978,,AFR,Africa,,,1978,1978,,,KEN,Kenya,,2.53,,,,,,
CHOLERA_0000000003,Cholera case fatality rate,https://www.who.int/data/gho/indicator-metadata-registry/imr-details/2445,PUBLISHED,Published,,1979,1979,,AFR,Africa,,,1979,1979,,,KEN,Kenya,,0.19,,,,,,
CHOLERA_0000000003,Cholera case fatality rate,https://www.who.int/data/gho/indicator-metadata-registry/imr-details/2445,PUBLISHED,Published,,1980,1980,,AFR,Africa,,,1980,1980,,,KEN,Kenya,,1.5,,,,,,
CHOLERA_0000000003,Cholera case fatality rate,https://www.who.int/data/gho/indicator-metadata-registry/imr-details/2445,PUBLISHED,Published,,1983,1983,,AFR,Africa,,,1983,1983,,,KEN,Kenya,,5.05,,,,,,
CHOLERA_0000000003,Cholera case fatality rate,https://www.who.int/data/gho/indicator-metadata-registry/imr-details/2445,PUBLISHED,Published,,1984,1984,,AFR,Africa,,,1984,1984,,,KEN,Kenya,,0,,,,,,
CHOLERA_0000000003,Cholera case fatality rate,https://www.who.int/data/gho/indicator-metadata-registry/imr-details/2445,PUBLISHED,Published,,1987,1987,,AFR,Africa,,,1987,1987,,,KEN,Kenya,,4.71,,,,,,
CHOLERA_0000000003,Cholera case fatality rate,https://www.who.int/data/gho/indicator-metadata-registry/imr-details/2445,PUBLISHED,Published,,1989,1989,,AFR,Africa,,,1989,1989,,,KEN,Kenya,,3.49,,,,,,
CHOLERA_0000000003,Cholera case fatality rate,https://www.who.int/data/gho/indicator-metadata-registry/imr-details/2445,PUBLISHED,Published,,1992,1992,,AFR,Africa,,,1992,1992,,,KEN,Kenya,,2.95,,,,,,
CHOLERA_0000000003,Cholera case fatality rate,https://www.who.int/data/gho/indicator-metadata-registry/imr-details/2445,PUBLISHED,Published,,1996,1996,,AFR,Africa,,,1996,1996,,,KEN,Kenya,,2.9,,,,,,
CHOLERA_0000000003,Cholera case fatality rate,https://www.who.int/data/gho/indicator-metadata-registry/imr-details/2445,PUBLISHED,Published,,1981,1981,,AFR,Africa,,,1981,1981,,,KEN,Kenya,,4.46,,,,,,
CHOLERA_0000000003,Cholera case fatality rate,https://www.who.int/data/gho/indicator-metadata-registry/imr-details/2445,PUBLISHED,Published,,1982,1982,,AFR,Africa,,,1982,1982,,,KEN,Kenya,,2.6,,,,,,
CHOLERA_0000000003,Cholera case fatality rate,https://www.who.int/data/gho/indicator-metadata-registry/imr-details/2445,PUBLISHED,Published,,1985,1985,,AFR,Africa,,,1985,1985,,,KEN,Kenya,,7.54,,,,,,
CHOLERA_0000000003,Cholera case fatality rate,https://www.who.int/data/gho/indicator-metadata-registry/imr-details/2445,PUBLISHED,Published,,1986,1986,,AFR,Africa,,,1986,1986,,,KEN,Kenya,,5.36,,,,,,
CHOLERA_0000000003,Cholera case fatality rate,https://www.who.int/data/gho/indicator-metadata-registry/imr-details/2445,PUBLISHED,Published,,2009,2009,,AFR,Africa,,,2009,2009,,,KEN,Kenya,,2.31,,,,,,
CHOLERA_0000000003,Cholera case fatality rate,https://www.who.int/data/gho/indicator-metadata-registry/imr-details/2445,PUBLISHED,Published,,2008,2008,,AFR,Africa,,,2008,2008,,,KEN,Kenya,,3.66,,,,,,
CHOLERA_0000000003,Cholera case fatality rate,https://www.who.int/data/gho/indicator-metadata-registry/imr-details/2445,PUBLISHED,Published,,2007,2007,,AFR,Africa,,,2007,2007,,,KEN,Kenya,,5.56,,,,,,
CHOLERA_0000000003,Cholera case fatality rate,https://www.who.int/data/gho/indicator-metadata-registry/imr-details/2445,PUBLISHED,Published,,2006,2006,,AFR,Africa,,,2006,2006,,,KEN,Kenya,,1.26,,,,,,
CHOLERA_0000000003,Cholera case fatality rate,https://www.who.int/data/gho/indicator-metadata-registry/imr-details/2445,PUBLISHED,Published,,2005,2005,,AFR,Africa,,,2005,2005,,,KEN,Kenya,,2.57,,,,,,
CHOLERA_0000000003,Cholera case fatality rate,https://www.who.int/data/gho/indicator-metadata-registry/imr-details/2445,PUBLISHED,Published,,2004,2004,,AFR,Africa,,,2004,2004,,,KEN,Kenya,,1.72,,,,,,
CHOLERA_0000000003,Cholera case fatality rate,https://www.who.int/data/gho/indicator-metadata-registry/imr-details/2445,PUBLISHED,Published,,1997,1997,,AFR,Africa,,,1997,1997,,,KEN,Kenya,,3.23,,,,,,
CHOLERA_0000000003,Cholera case fatality rate,https://www.who.int/data/gho/indicator-metadata-registry/imr-details/2445,PUBLISHED,Published,,1998,1998,,AFR,Africa,,,1998,1998,,,KEN,Kenya,,5.51,,,,,,
CHOLERA_0000000003,Cholera case fatality rate,https://www.who.int/data/gho/indicator-metadata-registry/imr-details/2445,PUBLISHED,Published,,1999,1999,,AFR,Africa,,,1999,1999,,,KEN,Kenya,,3.17,,,,,,
CHOLERA_0000000003,Cholera case fatality rate,https://www.who.int/data/gho/indicator-metadata-registry/imr-details/2445,PUBLISHED,Published,,2000,2000,,AFR,Africa,,,2000,2000,,,KEN,Kenya,,6.74,,,,,,
CHOLERA_0000000003,Cholera case fatality rate,https://www.who.int/data/gho/indicator-metadata-registry/imr-details/2445,PUBLISHED,Published,,2001,2001,,AFR,Africa,,,2001,2001,,,KEN,Kenya,,5.49,,,,,,
CHOLERA_0000000003,Cholera case fatality rate,https://www.who.int/data/gho/indicator-metadata-registry/imr-details/2445,PUBLISHED,Published,,2002,2002,,AFR,Africa,,,2002,2002,,,KEN,Kenya,,3.44,,,,,,
CHOLERA_0000000003,Cholera case fatality rate,https://www.who.int/data/gho/indicator-metadata-registry/imr-details/2445,PUBLISHED,Published,,2010,2010,,AFR,Africa,,,2010,2010,,,KEN,Kenya,,1.98,,,,,,
CHOLERA_0000000003,Cholera case fatality rate,https://www.who.int/data/gho/indicator-metadata-registry/imr-details/2445,PUBLISHED,Published,,2011,2011,,AFR,Africa,,,2011,2011,,,KEN,Kenya,,2.7,,,,,,
CHOLERA_0000000001,Number of reported cases of cholera,https://www.who.int/data/gho/indicator-metadata-registry/imr-details/42,PUBLISHED,Published,,2014,2014,,AFR,Africa,,,2014,2014,,,KEN,Kenya,,35,35.00000,,,,,
CHOLERA_0000000002,Number of reported deaths from cholera,https://www.who.int/data/gho/indicator-metadata-registry/imr-details/2446,PUBLISHED,Published,,2014,2014,,AFR,Africa,,,2014,2014,,,KEN,Kenya,,9,9.00000,,,,,
CHOLERA_0000000003,Cholera case fatality rate,https://www.who.int/data/gho/indicator-metadata-registry/imr-details/2445,PUBLISHED,Published,,2014,2014,,AFR,Africa,,,2014,2014,,,KEN,Kenya,,25.7,25.71429,,,,,
CHOLERA_0000000001,Number of reported cases of cholera,https://www.who.int/data/gho/indicator-metadata-registry/imr-details/42,PUBLISHED,Published,,2015,2015,,AFR,Africa,,,2015,2015,,,KEN,Kenya,,13291,13291.00000,,,,,
CHOLERA_0000000002,Number of reported deaths from cholera,https://www.who.int/data/gho/indicator-metadata-registry/imr-details/2446,PUBLISHED,Published,,2015,2015,,AFR,Africa,,,2015,2015,,,KEN,Kenya,,67,67.00000,,,,,
CHOLERA_0000000003,Cholera case fatality rate,https://www.who.int/data/gho/indicator-metadata-registry/imr-details/2445,PUBLISHED,Published,,2015,2015,,AFR,Africa,,,2015,2015,,,KEN,Kenya,,0.5,0.50000,,,,,
CHOLERA_0000000001,Number of reported cases of cholera,https://www.who.int/data/gho/indicator-metadata-registry/imr-details/42,PUBLISHED,Published,,2016,2016,,AFR,Africa,,,2016,2016,,,KEN,Kenya,,5866,5866.00000,,,,,
CHOLERA_0000000002,Number of reported deaths from cholera,https://www.who.int/data/gho/indicator-metadata-registry/imr-details/2446,PUBLISHED,Published,,2016,2016,,AFR,Africa,,,2016,2016,,,KEN,Kenya,,80,80.00000,,,,,
CHOLERA_0000000003,Cholera case fatality rate,https://www.who.int/data/gho/indicator-metadata-registry/imr-details/2445,PUBLISHED,Published,,2016,2016,,AFR,Africa,,,2016,2016,,,KEN,Kenya,,1.4,1.36379,,,,,
WHS3_49,Poliomyelitis - number of reported cases,https://www.who.int/data/gho/indicator-metadata-registry/imr-details/51,PUBLISHED,Published,,2018,2018,,AFR,Africa,,,2018,2018,,,KEN,Kenya,,0,0.00000,,,,,
WHS3_49,Poliomyelitis - number of reported cases,https://www.who.int/data/gho/indicator-metadata-registry/imr-details/51,PUBLISHED,Published,,2017,2017,,AFR,Africa,,,2017,2017,,,KEN,Kenya,,0,0.00000,,,,,
WHS3_49,Poliomyelitis - number of reported cases,https://www.who.int/data/gho/indicator-metadata-registry/imr-details/51,PUBLISHED,Published,,2016,2016,,AFR,Africa,,,2016,2016,,,KEN,Kenya,,0,0.00000,,,,,
WHS3_49,Poliomyelitis - number of reported cases,https://www.who.int/data/gho/indicator-metadata-registry/imr-details/51,PUBLISHED,Published,,2015,2015,,AFR,Africa,,,2015,2015,,,KEN,Kenya,,0,0.00000,,,,,
WHS3_49,Poliomyelitis - number of reported cases,https://www.who.int/data/gho/indicator-metadata-registry/imr-details/51,PUBLISHED,Published,,2014,2014,,AFR,Africa,,,2014,2014,,,KEN,Kenya,,0,0.00000,,,,,
WHS3_49,Poliomyelitis - number of reported cases,https://www.who.int/data/gho/indicator-metadata-registry/imr-details/51,PUBLISHED,Published,,2013,2013,,AFR,Africa,,,2013,2013,,,KEN,Kenya,,14,14.00000,,,,,
WHS3_49,Poliomyelitis - number of reported cases,https://www.who.int/data/gho/indicator-metadata-registry/imr-details/51,PUBLISHED,Published,,2012,2012,,AFR,Africa,,,2012,2012,,,KEN,Kenya,,3,3.00000,,,,,
WHS3_49,Poliomyelitis - number of reported cases,https://www.who.int/data/gho/indicator-metadata-registry/imr-details/51,PUBLISHED,Published,,2011,2011,,AFR,Africa,,,2011,2011,,,KEN,Kenya,,1,1.00000,,,,,
WHS3_49,Poliomyelitis - number of reported cases,https://www.who.int/data/gho/indicator-metadata-registry/imr-details/51,PUBLISHED,Published,,2010,2010,,AFR,Africa,,,2010,2010,,,KEN,Kenya,,0,0.00000,,,,,
WHS3_49,Poliomyelitis - number of reported cases,https://www.who.int/data/gho/indicator-metadata-registry/imr-details/51,PUBLISHED,Published,,2009,2009,,AFR,Africa,,,2009,2009,,,KEN,Kenya,,19,19.00000,,,,,
WHS3_49,Poliomyelitis - number of reported cases,https://www.who.int/data/gho/indicator-metadata-registry/imr-details/51,PUBLISHED,Published,,2008,2008,,AFR,Africa,,,2008,2008,,,KEN,Kenya,,0,0.00000,,,,,
WHS3_49,Poliomyelitis - number of reported cases,https://www.who.int/data/gho/indicator-metadata-registry/imr-details/51,PUBLISHED,Published,,2007,2007,,AFR,Africa,,,2007,2007,,,KEN,Kenya,,0,0.00000,,,,,
WHS3_49,Poliomyelitis - number of reported cases,https://www.who.int/data/gho/indicator-metadata-registry/imr-details/51,PUBLISHED,Published,,2006,2006,,AFR,Africa,,,2006,2006,,,KEN,Kenya,,2,2.00000,,,,,
WHS3_49,Poliomyelitis - number of reported cases,https://www.who.int/data/gho/indicator-metadata-registry/imr-details/51,PUBLISHED,Published,,2005,2005,,AFR,Africa,,,2005,2005,,,KEN,Kenya,,0,0.00000,,,,,
WHS3_49,Poliomyelitis - number of reported cases,https://www.who.int/data/gho/indicator-metadata-registry/imr-details/51,PUBLISHED,Published,,2004,2004,,AFR,Africa,,,2004,2004,,,KEN,Kenya,,0,0.00000,,,,,
WHS3_49,Poliomyelitis - number of reported cases,https://www.who.int/data/gho/indicator-metadata-registry/imr-details/51,PUBLISHED,Published,,2003,2003,,AFR,Africa,,,2003,2003,,,KEN,Kenya,,0,0.00000,,,,,
WHS3_49,Poliomyelitis - number of reported cases,https://www.who.int/data/gho/indicator-metadata-registry/imr-details/51,PUBLISHED,Published,,2002,2002,,AFR,Africa,,,2002,2002,,,KEN,Kenya,,0,0.00000,,,,,
WHS3_49,Poliomyelitis - number of reported cases,https://www.who.int/data/gho/indicator-metadata-registry/imr-details/51,PUBLISHED,Published,,2001,2001,,AFR,Africa,,,2001,2001,,,KEN,Kenya,,0,0.00000,,,,,
WHS3_49,Poliomyelitis - number of reported cases,https://www.who.int/data/gho/indicator-metadata-registry/imr-details/51,PUBLISHED,Published,,2000,2000,,AFR,Africa,,,2000,2000,,,KEN,Kenya,,0,0.00000,,,,,
WHS3_49,Poliomyelitis - number of reported cases,https://www.who.int/data/gho/indicator-metadata-registry/imr-details/51,PUBLISHED,Published,,1999,1999,,AFR,Africa,,,1999,1999,,,KEN,Kenya,,158,158.00000,,,,,
WHS3_49,Poliomyelitis - number of reported cases,https://www.who.int/data/gho/indicator-metadata-registry/imr-details/51,PUBLISHED,Published,,1998,1998,,AFR,Africa,,,1998,1998,,,KEN,Kenya,,109,109.00000,,,,,
WHS3_49,Poliomyelitis - number of reported cases,https://www.who.int/data/gho/indicator-metadata-registry/imr-details/51,PUBLISHED,Published,,1997,1997,,AFR,Africa,,,1997,1997,,,KEN,Kenya,,14,14.00000,,,,,
WHS3_49,Poliomyelitis - number of reported cases,https://www.who.int/data/gho/indicator-metadata-registry/imr-details/51,PUBLISHED,Published,,1996,1996,,AFR,Africa,,,1996,1996,,,KEN,Kenya,,0,0.00000,,,,,
WHS3_49,Poliomyelitis - number of reported cases,https://www.who.int/data/gho/indicator-metadata-registry/imr-details/51,PUBLISHED,Published,,1995,1995,,AFR,Africa,,,1995,1995,,,KEN,Kenya,,12,12.00000,,,,,
WHS3_49,Poliomyelitis - number of reported cases,https://www.who.int/data/gho/indicator-metadata-registry/imr-details/51,PUBLISHED,Published,,1994,1994,,AFR,Africa,,,1994,1994,,,KEN,Kenya,,108,108.00000,,,,,
WHS3_49,Poliomyelitis - number of reported cases,https://www.who.int/data/gho/indicator-metadata-registry/imr-details/51,PUBLISHED,Published,,1993,1993,,AFR,Africa,,,1993,1993,,,KEN,Kenya,,2,2.00000,,,,,
WHS3_49,Poliomyelitis - number of reported cases,https://www.who.int/data/gho/indicator-metadata-registry/imr-details/51,PUBLISHED,Published,,1992,1992,,AFR,Africa,,,1992,1992,,,KEN,Kenya,,0,0.00000,,,,,
WHS3_49,Poliomyelitis - number of reported cases,https://www.who.int/data/gho/indicator-metadata-registry/imr-details/51,PUBLISHED,Published,,1991,1991,,AFR,Africa,,,1991,1991,,,KEN,Kenya,,10,10.00000,,,,,
WHS3_49,Poliomyelitis - number of reported cases,https://www.who.int/data/gho/indicator-metadata-registry/imr-details/51,PUBLISHED,Published,,1990,1990,,AFR,Africa,,,1990,1990,,,KEN,Kenya,,1528,1528.00000,,,,,
WHS3_49,Poliomyelitis - number of reported cases,https://www.who.int/data/gho/indicator-metadata-registry/imr-details/51,PUBLISHED,Published,,1989,1989,,AFR,Africa,,,1989,1989,,,KEN,Kenya,,1559,1559.00000,,,,,
WHS3_49,Poliomyelitis - number of reported cases,https://www.who.int/data/gho/indicator-metadata-registry/imr-details/51,PUBLISHED,Published,,1988,1988,,AFR,Africa,,,1988,1988,,,KEN,Kenya,,1688,1688.00000,,,,,
WHS3_49,Poliomyelitis - number of reported cases,https://www.who.int/data/gho/indicator-metadata-registry/imr-details/51,PUBLISHED,Published,,1987,1987,,AFR,Africa,,,1987,1987,,,KEN,Kenya,,9,9.00000,,,,,
WHS3_49,Poliomyelitis - number of reported cases,https://www.who.int/data/gho/indicator-metadata-registry/imr-details/51,PUBLISHED,Published,,1986,1986,,AFR,Africa,,,1986,1986,,,KEN,Kenya,,133,133.00000,,,,,
WHS3_49,Poliomyelitis - number of reported cases,https://www.who.int/data/gho/indicator-metadata-registry/imr-details/51,PUBLISHED,Published,,1985,1985,,AFR,Africa,,,1985,1985,,,KEN,Kenya,,368,368.00000,,,,,
WHS3_49,Poliomyelitis - number of reported cases,https://www.who.int/data/gho/indicator-metadata-registry/imr-details/51,PUBLISHED,Published,,1984,1984,,AFR,Africa,,,1984,1984,,,KEN,Kenya,,115,115.00000,,,,,
WHS3_49,Poliomyelitis - number of reported cases,https://www.who.int/data/gho/indicator-metadata-registry/imr-details/51,PUBLISHED,Published,,1983,1983,,AFR,Africa,,,1983,1983,,,KEN,Kenya,,197,197.00000,,,,,
WHS3_49,Poliomyelitis - number of reported cases,https://www.who.int/data/gho/indicator-metadata-registry/imr-details/51,PUBLISHED,Published,,1982,1982,,AFR,Africa,,,1982,1982,,,KEN,Kenya,,254,254.00000,,,,,
WHS3_49,Poliomyelitis - number of reported cases,https://www.who.int/data/gho/indicator-metadata-registry/imr-details/51,PUBLISHED,Published,,1981,1981,,AFR,Africa,,,1981,1981,,,KEN,Kenya,,268,268.00000,,,,,
WHS3_49,Poliomyelitis - number of reported cases,https://www.who.int/data/gho/indicator-metadata-registry/imr-details/51,PUBLISHED,Published,,1980,1980,,AFR,Africa,,,1980,1980,,,KEN,Kenya,,455,455.00000,,,,,
WHS3_41,Diphtheria - number of reported cases,https://www.who.int/data/gho/indicator-metadata-registry/imr-details/43,PUBLISHED,Published,,1974,1974,,AFR,Africa,,WB_LMI,1974,1974,Lower-middle-income,,KEN,Kenya,,1,1.00000,,,,,
WHS3_41,Diphtheria - number of reported cases,https://www.who.int/data/gho/indicator-metadata-registry/imr-details/43,PUBLISHED,Published,,1975,1975,,AFR,Africa,,WB_LMI,1975,1975,Lower-middle-income,,KEN,Kenya,,7,7.00000,,,,,
WHS3_41,Diphtheria - number of reported cases,https://www.who.int/data/gho/indicator-metadata-registry/imr-details/43,PUBLISHED,Published,,1977,1977,,AFR,Africa,,WB_LMI,1977,1977,Lower-middle-income,,KEN,Kenya,,64,64.00000,,,,,
WHS3_41,Diphtheria - number of reported cases,https://www.who.int/data/gho/indicator-metadata-registry/imr-details/43,PUBLISHED,Published,,1978,1978,,AFR,Africa,,WB_LMI,1978,1978,Lower-middle-income,,KEN,Kenya,,0,0.00000,,,,,
WHS3_41,Diphtheria - number of reported cases,https://www.who.int/data/gho/indicator-metadata-registry/imr-details/43,PUBLISHED,Published,,1979,1979,,AFR,Africa,,WB_LMI,1979,1979,Lower-middle-income,,KEN,Kenya,,0,0.00000,,,,,
WHS3_41,Diphtheria - number of reported cases,https://www.who.int/data/gho/indicator-metadata-registry/imr-details/43,PUBLISHED,Published,,1980,1980,,AFR,Africa,,WB_LMI,1980,1980,Lower-middle-income,,KEN,Kenya,,6395,6395.00000,,,,,
WHS3_41,Diphtheria - number of reported cases,https://www.who.int/data/gho/indicator-metadata-registry/imr-details/43,PUBLISHED,Published,,1981,1981,,AFR,Africa,,WB_LMI,1981,1981,Lower-middle-income,,KEN,Kenya,,0,0.00000,,,,,
WHS3_41,Diphtheria - number of reported cases,https://www.who.int/data/gho/indicator-metadata-registry/imr-details/43,PUBLISHED,Published,,1982,1982,,AFR,Africa,,WB_LMI,1982,1982,Lower-middle-income,,KEN,Kenya,,2,2.00000,,,,,
WHS3_41,Diphtheria - number of reported cases,https://www.who.int/data/gho/indicator-metadata-registry/imr-details/43,PUBLISHED,Published,,1983,1983,,AFR,Africa,,WB_LMI,1983,1983,Lower-middle-income,,KEN,Kenya,,2,2.00000,,,,,
WHS3_41,Diphtheria - number of reported cases,https://www.who.int/data/gho/indicator-metadata-registry/imr-details/43,PUBLISHED,Published,,1984,1984,,AFR,Africa,,WB_LMI,1984,1984,Lower-middle-income,,KEN,Kenya,,0,0.00000,,,,,
WHS3_41,Diphtheria - number of reported cases,https://www.who.int/data/gho/indicator-metadata-registry/imr-details/43,PUBLISHED,Published,,1985,1985,,AFR,Africa,,WB_LMI,1985,1985,Lower-middle-income,,KEN,Kenya,,0,0.00000,,,,,
WHS3_41,Diphtheria - number of reported cases,https://www.who.int/data/gho/indicator-metadata-registry/imr-details/43,PUBLISHED,Published,,1986,1986,,AFR,Africa,,WB_LMI,1986,1986,Lower-middle-income,,KEN,Kenya,,0,0.00000,,,,,
WHS3_41,Diphtheria - number of reported cases,https://www.who.int/data/gho/indicator-metadata-registry/imr-details/43,PUBLISHED,Published,,1987,1987,,AFR,Africa,,WB_LMI,1987,1987,Lower-middle-income,,KEN,Kenya,,0,0.00000,,,,,
WHS3_41,Diphtheria - number of reported cases,https://www.who.int/data/gho/indicator-metadata-registry/imr-details/43,PUBLISHED,Published,,1988,1988,,AFR,Africa,,WB_LMI,1988,1988,Lower-middle-income,,KEN,Kenya,,0,0.00000,,,,,
WHS3_41,Diphtheria - number of reported cases,https://www.who.int/data/gho/indicator-metadata-registry/imr-details/43,PUBLISHED,Published,,1989,1989,,AFR,Africa,,WB_LMI,1989,1989,Lower-middle-income,,KEN,Kenya,,0,0.00000,,,,,
WHS3_41,Diphtheria - number of reported cases,https://www.who.int/data/gho/indicator-metadata-registry/imr-details/43,PUBLISHED,Published,,1990,1990,,AFR,Africa,,WB_LMI,1990,1990,Lower-middle-income,,KEN,Kenya,,1,1.00000,,,,,
WHS3_41,Diphtheria - number of reported cases,https://www.who.int/data/gho/indicator-metadata-registry/imr-details/43,PUBLISHED,Published,,1995,1995,,AFR,Africa,,WB_LMI,1995,1995,Lower-middle-income,,KEN,Kenya,,0,0.00000,,,,,
WHS3_41,Diphtheria - number of reported cases,https://www.who.int/data/gho/indicator-metadata-registry/imr-details/43,PUBLISHED,Published,,1997,1997,,AFR,Africa,,WB_LMI,1997,1997,Lower-middle-income,,KEN,Kenya,,0,0.00000,,,,,
WHS3_41,Diphtheria - number of reported cases,https://www.who.int/data/gho/indicator-metadata-registry/imr-details/43,PUBLISHED,Published,,1998,1998,,AFR,Africa,,WB_LMI,1998,1998,Lower-middle-income,,KEN,Kenya,,3,3.00000,,,,,
WHS3_41,Diphtheria - number of reported cases,https://www.who.int/data/gho/indicator-metadata-registry/imr-details/43,PUBLISHED,Published,,1999,1999,,AFR,Africa,,WB_LMI,1999,1999,Lower-middle-income,,KEN,Kenya,,13,13.00000,,,,,
WHS3_41,Diphtheria - number of reported cases,https://www.who.int/data/gho/indicator-metadata-registry/imr-details/43,PUBLISHED,Published,,2000,2000,,AFR,Africa,,WB_LMI,2000,2000,Lower-middle-income,,KEN,Kenya,,15,15.00000,,,,,
WHS3_41,Diphtheria - number of reported cases,https://www.who.int/data/gho/indicator-metadata-registry/imr-details/43,PUBLISHED,Published,,2001,2001,,AFR,Africa,,WB_LMI,2001,2001,Lower-middle-income,,KEN,Kenya,,6,6.00000,,,,,
WHS3_41,Diphtheria - number of reported cases,https://www.who.int/data/gho/indicator-metadata-registry/imr-details/43,PUBLISHED,Published,,2003,2003,,AFR,Africa,,WB_LMI,2003,2003,Lower-middle-income,,KEN,Kenya,,0,0.00000,,,,,
WHS3_41,Diphtheria - number of reported cases,https://www.who.int/data/gho/indicator-metadata-registry/imr-details/43,PUBLISHED,Published,,2004,2004,,AFR,Africa,,WB_LMI,2004,2004,Lower-middle-income,,KEN,Kenya,,0,0.00000,,,,,
WHS3_42,Japanese encephalitis - number of reported cases,https://www.who.int/data/gho/indicator-metadata-registry/imr-details/44,PUBLISHED,Published,,2011,2011,,AFR,Africa,,WB_LMI,2011,2011,Lower-middle-income,,KEN,Kenya,,0,0.00000,,,,,
WHS3_42,Japanese encephalitis - number of reported cases,https://www.who.int/data/gho/indicator-metadata-registry/imr-details/44,PUBLISHED,Published,,2012,2012,,AFR,Africa,,WB_LMI,2012,2012,Lower-middle-income,,KEN,Kenya,,0,0.00000,,,,,
WHS3_43,Pertussis - number of reported cases,https://www.who.int/data/gho/indicator-metadata-registry/imr-details/45,PUBLISHED,Published,,1974,1974,,AFR,Africa,,WB_LMI,1974,1974,Lower-middle-income,,KEN,Kenya,,12156,12156.00000,,,,,
WHS3_43,Pertussis - number of reported cases,https://www.who.int/data/gho/indicator-metadata-registry/imr-details/45,PUBLISHED,Published,,1975,1975,,AFR,Africa,,WB_LMI,1975,1975,Lower-middle-income,,KEN,Kenya,,15011,15011.00000,,,,,
WHS3_43,Pertussis - number of reported cases,https://www.who.int/data/gho/indicator-metadata-registry/imr-details/45,PUBLISHED,Published,,1976,1976,,AFR,Africa,,WB_LMI,1976,1976,Lower-middle-income,,KEN,Kenya,,10254,10254.00000,,,,,
WHS3_43,Pertussis - number of reported cases,https://www.who.int/data/gho/indicator-metadata-registry/imr-details/45,PUBLISHED,Published,,1977,1977,,AFR,Africa,,WB_LMI,1977,1977,Lower-middle-income,,KEN,Kenya,,12751,12751.00000,,,,,
WHS3_43,Pertussis - number of reported cases,https://www.who.int/data/gho/indicator-metadata-registry/imr-details/45,PUBLISHED,Published,,1978,1978,,AFR,Africa,,WB_LMI,1978,1978,Lower-middle-income,,KEN,Kenya,,12193,12193.00000,,,,,
WHS3_43,Pertussis - number of reported cases,https://www.who.int/data/gho/indicator-metadata-registry/imr-details/45,PUBLISHED,Published,,1979,1979,,AFR,Africa,,WB_LMI,1979,1979,Lower-middle-income,,KEN,Kenya,,22542,22542.00000,,,,,
WHS3_43,Pertussis - number of reported cases,https://www.who.int/data/gho/indicator-metadata-registry/imr-details/45,PUBLISHED,Published,,1980,1980,,AFR,Africa,,WB_LMI,1980,1980,Lower-middle-income,,KEN,Kenya,,13281,13281.00000,,,,,
WHS3_43,Pertussis - number of reported cases,https://www.who.int/data/gho/indicator-metadata-registry/imr-details/45,PUBLISHED,Published,,1981,1981,,AFR,Africa,,WB_LMI,1981,1981,Lower-middle-income,,KEN,Kenya,,49903,49903.00000,,,,,
WHS3_43,Pertussis - number of reported cases,https://www.who.int/data/gho/indicator-metadata-registry/imr-details/45,PUBLISHED,Published,,1982,1982,,AFR,Africa,,WB_LMI,1982,1982,Lower-middle-income,,KEN,Kenya,,78497,78497.00000,,,,,
WHS3_43,Pertussis - number of reported cases,https://www.who.int/data/gho/indicator-metadata-registry/imr-details/45,PUBLISHED,Published,,1983,1983,,AFR,Africa,,WB_LMI,1983,1983,Lower-middle-income,,KEN,Kenya,,66617,66617.00000,,,,,
WHS3_43,Pertussis - number of reported cases,https://www.who.int/data/gho/indicator-metadata-registry/imr-details/45,PUBLISHED,Published,,1984,1984,,AFR,Africa,,WB_LMI,1984,1984,Lower-middle-income,,KEN,Kenya,,46187,46187.00000,,,,,
WHS3_43,Pertussis - number of reported cases,https://www.who.int/data/gho/indicator-metadata-registry/imr-details/45,PUBLISHED,Published,,1985,1985,,AFR,Africa,,WB_LMI,1985,1985,Lower-middle-income,,KEN,Kenya,,17949,17949.00000,,,,,
WHS3_43,Pertussis - number of reported cases,https://www.who.int/data/gho/indicator-metadata-registry/imr-details/45,PUBLISHED,Published,,1986,1986,,AFR,Africa,,WB_LMI,1986,1986,Lower-middle-income,,KEN,Kenya,,30590,30590.00000,,,,,
WHS3_43,Pertussis - number of reported cases,https://www.who.int/data/gho/indicator-metadata-registry/imr-details/45,PUBLISHED,Published,,1987,1987,,AFR,Africa,,WB_LMI,1987,1987,Lower-middle-income,,KEN,Kenya,,11991,11991.00000,,,,,
WHS3_43,Pertussis - number of reported cases,https://www.who.int/data/gho/indicator-metadata-registry/imr-details/45,PUBLISHED,Published,,1988,1988,,AFR,Africa,,WB_LMI,1988,1988,Lower-middle-income,,KEN,Kenya,,422,422.00000,,,,,
WHS3_43,Pertussis - number of reported cases,https://www.who.int/data/gho/indicator-metadata-registry/imr-details/45,PUBLISHED,Published,,1989,1989,,AFR,Africa,,WB_LMI,1989,1989,Lower-middle-income,,KEN,Kenya,,9035,9035.00000,,,,,
WHS3_43,Pertussis - number of reported cases,https://www.who.int/data/gho/indicator-metadata-registry/imr-details/45,PUBLISHED,Published,,1990,1990,,AFR,Africa,,WB_LMI,1990,1990,Lower-middle-income,,KEN,Kenya,,7404,7404.00000,,,,,
WHS3_43,Pertussis - number of reported cases,https://www.who.int/data/gho/indicator-metadata-registry/imr-details/45,PUBLISHED,Published,,1991,1991,,AFR,Africa,,WB_LMI,1991,1991,Lower-middle-income,,KEN,Kenya,,136907,136907.00000,,,,,
WHS3_43,Pertussis - number of reported cases,https://www.who.int/data/gho/indicator-metadata-registry/imr-details/45,PUBLISHED,Published,,1995,1995,,AFR,Africa,,WB_LMI,1995,1995,Lower-middle-income,,KEN,Kenya,,58,58.00000,,,,,
WHS3_43,Pertussis - number of reported cases,https://www.who.int/data/gho/indicator-metadata-registry/imr-details/45,PUBLISHED,Published,,1997,1997,,AFR,Africa,,WB_LMI,1997,1997,Lower-middle-income,,KEN,Kenya,,63,63.00000,,,,,
WHS3_43,Pertussis - number of reported cases,https://www.who.int/data/gho/indicator-metadata-registry/imr-details/45,PUBLISHED,Published,,1998,1998,,AFR,Africa,,WB_LMI,1998,1998,Lower-middle-income,,KEN,Kenya,,290,290.00000,,,,,
WHS3_43,Pertussis - number of reported cases,https://www.who.int/data/gho/indicator-metadata-registry/imr-details/45,PUBLISHED,Published,,1999,1999,,AFR,Africa,,WB_LMI,1999,1999,Lower-middle-income,,KEN,Kenya,,180,180.00000,,,,,
WHS3_43,Pertussis - number of reported cases,https://www.who.int/data/gho/indicator-metadata-registry/imr-details/45,PUBLISHED,Published,,2000,2000,,AFR,Africa,,WB_LMI,2000,2000,Lower-middle-income,,KEN,Kenya,,424,424.00000,,,,,
WHS3_43,Pertussis - number of reported cases,https://www.who.int/data/gho/indicator-metadata-registry/imr-details/45,PUBLISHED,Published,,2001,2001,,AFR,Africa,,WB_LMI,2001,2001,Lower-middle-income,,KEN,Kenya,,285,285.00000,,,,,
WHS3_43,Pertussis - number of reported cases,https://www.who.int/data/gho/indicator-metadata-registry/imr-details/45,PUBLISHED,Published,,2002,2002,,AFR,Africa,,WB_LMI,2002,2002,Lower-middle-income,,KEN,Kenya,,300,300.00000,,,,,
WHS3_43,Pertussis - number of reported cases,https://www.who.int/data/gho/indicator-metadata-registry/imr-details/45,PUBLISHED,Published,,2003,2003,,AFR,Africa,,WB_LMI,2003,2003,Lower-middle-income,,KEN,Kenya,,0,0.00000,,,,,
WHS3_43,Pertussis - number of reported cases,https://www.who.int/data/gho/indicator-metadata-registry/imr-details/45,PUBLISHED,Published,,2016,2016,,AFR,Africa,,WB_LMI,2016,2016,Lower-middle-income,,KEN,Kenya,,3,3.00000,,,,,
WHS3_43,Pertussis - number of reported cases,https://www.who.int/data/gho/indicator-metadata-registry/imr-details/45,PUBLISHED,Published,,2018,2018,,AFR,Africa,,WB_LMI,2018,2018,Lower-middle-income,,KEN,Kenya,,6,6.00000,,,,,
WHS3_46,Total tetanus - number of reported cases,https://www.who.int/data/gho/indicator-metadata-registry/imr-details/48,PUBLISHED,Published,,1974,1974,,AFR,Africa,,WB_LMI,1974,1974,Lower-middle-income,,KEN,Kenya,,803,803.00000,,,,,
WHS3_46,Total tetanus - number of reported cases,https://www.who.int/data/gho/indicator-metadata-registry/imr-details/48,PUBLISHED,Published,,1975,1975,,AFR,Africa,,WB_LMI,1975,1975,Lower-middle-income,,KEN,Kenya,,624,624.00000,,,,,
WHS3_46,Total tetanus - number of reported cases,https://www.who.int/data/gho/indicator-metadata-registry/imr-details/48,PUBLISHED,Published,,1976,1976,,AFR,Africa,,WB_LMI,1976,1976,Lower-middle-income,,KEN,Kenya,,691,691.00000,,,,,
WHS3_46,Total tetanus - number of reported cases,https://www.who.int/data/gho/indicator-metadata-registry/imr-details/48,PUBLISHED,Published,,1977,1977,,AFR,Africa,,WB_LMI,1977,1977,Lower-middle-income,,KEN,Kenya,,718,718.00000,,,,,
WHS3_46,Total tetanus - number of reported cases,https://www.who.int/data/gho/indicator-metadata-registry/imr-details/48,PUBLISHED,Published,,1978,1978,,AFR,Africa,,WB_LMI,1978,1978,Lower-middle-income,,KEN,Kenya,,645,645.00000,,,,,
WHS3_46,Total tetanus - number of reported cases,https://www.who.int/data/gho/indicator-metadata-registry/imr-details/48,PUBLISHED,Published,,1979,1979,,AFR,Africa,,WB_LMI,1979,1979,Lower-middle-income,,KEN,Kenya,,758,758.00000,,,,,
WHS3_46,Total tetanus - number of reported cases,https://www.who.int/data/gho/indicator-metadata-registry/imr-details/48,PUBLISHED,Published,,1980,1980,,AFR,Africa,,WB_LMI,1980,1980,Lower-middle-income,,KEN,Kenya,,831,831.00000,,,,,
WHS3_46,Total tetanus - number of reported cases,https://www.who.int/data/gho/indicator-metadata-registry/imr-details/48,PUBLISHED,Published,,1981,1981,,AFR,Africa,,WB_LMI,1981,1981,Lower-middle-income,,KEN,Kenya,,4094,4094.00000,,,,,
WHS3_46,Total tetanus - number of reported cases,https://www.who.int/data/gho/indicator-metadata-registry/imr-details/48,PUBLISHED,Published,,1982,1982,,AFR,Africa,,WB_LMI,1982,1982,Lower-middle-income,,KEN,Kenya,,3402,3402.00000,,,,,
WHS3_46,Total tetanus - number of reported cases,https://www.who.int/data/gho/indicator-metadata-registry/imr-details/48,PUBLISHED,Published,,1983,1983,,AFR,Africa,,WB_LMI,1983,1983,Lower-middle-income,,KEN,Kenya,,1986,1986.00000,,,,,
WHS3_46,Total tetanus - number of reported cases,https://www.who.int/data/gho/indicator-metadata-registry/imr-details/48,PUBLISHED,Published,,1984,1984,,AFR,Africa,,WB_LMI,1984,1984,Lower-middle-income,,KEN,Kenya,,2963,2963.00000,,,,,
WHS3_46,Total tetanus - number of reported cases,https://www.who.int/data/gho/indicator-metadata-registry/imr-details/48,PUBLISHED,Published,,1985,1985,,AFR,Africa,,WB_LMI,1985,1985,Lower-middle-income,,KEN,Kenya,,884,884.00000,,,,,
WHS3_46,Total tetanus - number of reported cases,https://www.who.int/data/gho/indicator-metadata-registry/imr-details/48,PUBLISHED,Published,,1986,1986,,AFR,Africa,,WB_LMI,1986,1986,Lower-middle-income,,KEN,Kenya,,103,103.00000,,,,,
WHS3_46,Total tetanus - number of reported cases,https://www.who.int/data/gho/indicator-metadata-registry/imr-details/48,PUBLISHED,Published,,1987,1987,,AFR,Africa,,WB_LMI,1987,1987,Lower-middle-income,,KEN,Kenya,,338,338.00000,,,,,
WHS3_46,Total tetanus - number of reported cases,https://www.who.int/data/gho/indicator-metadata-registry/imr-details/48,PUBLISHED,Published,,1988,1988,,AFR,Africa,,WB_LMI,1988,1988,Lower-middle-income,,KEN,Kenya,,1441,1441.00000,,,,,
WHS3_46,Total tetanus - number of reported cases,https://www.who.int/data/gho/indicator-metadata-registry/imr-details/48,PUBLISHED,Published,,1989,1989,,AFR,Africa,,WB_LMI,1989,1989,Lower-middle-income,,KEN,Kenya,,1048,1048.00000,,,,,
WHS3_46,Total tetanus - number of reported cases,https://www.who.int/data/gho/indicator-metadata-registry/imr-details/48,PUBLISHED,Published,,1990,1990,,AFR,Africa,,WB_LMI,1990,1990,Lower-middle-income,,KEN,Kenya,,1692,1692.00000,,,,,
WHS3_46,Total tetanus - number of reported cases,https://www.who.int/data/gho/indicator-metadata-registry/imr-details/48,PUBLISHED,Published,,1991,1991,,AFR,Africa,,WB_LMI,1991,1991,Lower-middle-income,,KEN,Kenya,,933,933.00000,,,,,
WHS3_46,Total tetanus - number of reported cases,https://www.who.int/data/gho/indicator-metadata-registry/imr-details/48,PUBLISHED,Published,,1992,1992,,AFR,Africa,,WB_LMI,1992,1992,Lower-middle-income,,KEN,Kenya,,914,914.00000,,,,,
WHS3_46,Total tetanus - number of reported cases,https://www.who.int/data/gho/indicator-metadata-registry/imr-details/48,PUBLISHED,Published,,1997,1997,,AFR,Africa,,WB_LMI,1997,1997,Lower-middle-income,,KEN,Kenya,,27,27.00000,,,,,
WHS3_46,Total tetanus - number of reported cases,https://www.who.int/data/gho/indicator-metadata-registry/imr-details/48,PUBLISHED,Published,,1998,1998,,AFR,Africa,,WB_LMI,1998,1998,Lower-middle-income,,KEN,Kenya,,339,339.00000,,,,,
WHS3_46,Total tetanus - number of reported cases,https://www.who.int/data/gho/indicator-metadata-registry/imr-details/48,PUBLISHED,Published,,2000,2000,,AFR,Africa,,WB_LMI,2000,2000,Lower-middle-income,,KEN,Kenya,,1278,1278.00000,,,,,
WHS3_46,Total tetanus - number of reported cases,https://www.who.int/data/gho/indicator-metadata-registry/imr-details/48,PUBLISHED,Published,,2002,2002,,AFR,Africa,,WB_LMI,2002,2002,Lower-middle-income,,KEN,Kenya,,95,95.00000,,,,,
WHS3_46,Total tetanus - number of reported cases,https://www.who.int/data/gho/indicator-metadata-registry/imr-details/48,PUBLISHED,Published,,2005,2005,,AFR,Africa,,WB_LMI,2005,2005,Lower-middle-income,,KEN,Kenya,,56,56.00000,,,,,
WHS3_46,Total tetanus - number of reported cases,https://www.who.int/data/gho/indicator-metadata-registry/imr-details/48,PUBLISHED,Published,,2007,2007,,AFR,Africa,,WB_LMI,2007,2007,Lower-middle-income,,KEN,Kenya,,52,52.00000,,,,,
WHS3_46,Total tetanus - number of reported cases,https://www.who.int/data/gho/indicator-metadata-registry/imr-details/48,PUBLISHED,Published,,2008,2008,,AFR,Africa,,WB_LMI,2008,2008,Lower-middle-income,,KEN,Kenya,,30,30.00000,,,,,
WHS3_46,Total tetanus - number of reported cases,https://www.who.int/data/gho/indicator-metadata-registry/imr-details/48,PUBLISHED,Published,,2009,2009,,AFR,Africa,,WB_LMI,2009,2009,Lower-middle-income,,KEN,Kenya,,9,9.00000,,,,,
WHS3_46,Total tetanus - number of reported cases,https://www.who.int/data/gho/indicator-metadata-registry/imr-details/48,PUBLISHED,Published,,2010,2010,,AFR,Africa,,WB_LMI,2010,2010,Lower-middle-income,,KEN,Kenya,,7,7.00000,,,,,
WHS3_46,Total tetanus - number of reported cases,https://www.who.int/data/gho/indicator-metadata-registry/imr-details/48,PUBLISHED,Published,,2012,2012,,AFR,Africa,,WB_LMI,2012,2012,Lower-middle-income,,KEN,Kenya,,2,2.00000,,,,,
WHS3_46,Total tetanus - number of reported cases,https://www.who.int/data/gho/indicator-metadata-registry/imr-details/48,PUBLISHED,Published,,2013,2013,,AFR,Africa,,WB_LMI,2013,2013,Lower-middle-income,,KEN,Kenya,,1,1.00000,,,,,
WHS3_46,Total tetanus - number of reported cases,https://www.who.int/data/gho/indicator-metadata-registry/imr-details/48,PUBLISHED,Published,,2014,2014,,AFR,Africa,,WB_LMI,2014,2014,Lower-middle-income,,KEN,Kenya,,36,36.00000,,,,,
WHS3_46,Total tetanus - number of reported cases,https://www.who.int/data/gho/indicator-metadata-registry/imr-details/48,PUBLISHED,Published,,2015,2015,,AFR,Africa,,WB_LMI,2015,2015,Lower-middle-income,,KEN,Kenya,,32,32.00000,,,,,
WHS3_46,Total tetanus - number of reported cases,https://www.who.int/data/gho/indicator-metadata-registry/imr-details/48,PUBLISHED,Published,,2016,2016,,AFR,Africa,,WB_LMI,2016,2016,Lower-middle-income,,KEN,Kenya,,2776,2776.00000,,,,,
WHS3_46,Total tetanus - number of reported cases,https://www.who.int/data/gho/indicator-metadata-registry/imr-details/48,PUBLISHED,Published,,2018,2018,,AFR,Africa,,WB_LMI,2018,2018,Lower-middle-income,,KEN,Kenya,,0,0.00000,,,,,
WHS3_46,Total tetanus - number of reported cases,https://www.who.int/data/gho/indicator-metadata-registry/imr-details/48,PUBLISHED,Published,,2019,2019,,AFR,Africa,,WB_LMI,2019,2019,Lower-middle-income,,KEN,Kenya,,0,0.00000,,,,,
WHS3_46,Total tetanus - number of reported cases,https://www.who.int/data/gho/indicator-metadata-registry/imr-details/48,PUBLISHED,Published,,2020,2020,,AFR,Africa,,WB_LMI,2020,2020,Lower-middle-income,,KEN,Kenya,,3260,3260.00000,,,,,
WHS3_50,Yellow fever - number of reported cases,https://www.who.int/data/gho/indicator-metadata-registry/imr-details/52,PUBLISHED,Published,,1992,1992,,AFR,Africa,,WB_LMI,1992,1992,Lower-middle-income,,KEN,Kenya,,27,27.00000,,,,,
WHS3_50,Yellow fever - number of reported cases,https://www.who.int/data/gho/indicator-metadata-registry/imr-details/52,PUBLISHED,Published,,1993,1993,,AFR,Africa,,WB_LMI,1993,1993,Lower-middle-income,,KEN,Kenya,,27,27.00000,,,,,
WHS3_50,Yellow fever - number of reported cases,https://www.who.int/data/gho/indicator-metadata-registry/imr-details/52,PUBLISHED,Published,,1994,1994,,AFR,Africa,,WB_LMI,1994,1994,Lower-middle-income,,KEN,Kenya,,7,7.00000,,,,,
WHS3_50,Yellow fever - number of reported cases,https://www.who.int/data/gho/indicator-metadata-registry/imr-details/52,PUBLISHED,Published,,1995,1995,,AFR,Africa,,WB_LMI,1995,1995,Lower-middle-income,,KEN,Kenya,,11,11.00000,,,,,
WHS3_50,Yellow fever - number of reported cases,https://www.who.int/data/gho/indicator-metadata-registry/imr-details/52,PUBLISHED,Published,,1996,1996,,AFR,Africa,,WB_LMI,1996,1996,Lower-middle-income,,KEN,Kenya,,0,0.00000,,,,,
WHS3_50,Yellow fever - number of reported cases,https://www.who.int/data/gho/indicator-metadata-registry/imr-details/52,PUBLISHED,Published,,1997,1997,,AFR,Africa,,WB_LMI,1997,1997,Lower-middle-income,,KEN,Kenya,,0,0.00000,,,,,
WHS3_50,Yellow fever - number of reported cases,https://www.who.int/data/gho/indicator-metadata-registry/imr-details/52,PUBLISHED,Published,,1998,1998,,AFR,Africa,,WB_LMI,1998,1998,Lower-middle-income,,KEN,Kenya,,0,0.00000,,,,,
WHS3_50,Yellow fever - number of reported cases,https://www.who.int/data/gho/indicator-metadata-registry/imr-details/52,PUBLISHED,Published,,2000,2000,,AFR,Africa,,WB_LMI,2000,2000,Lower-middle-income,,KEN,Kenya,,0,0.00000,,,,,
WHS3_50,Yellow fever - number of reported cases,https://www.who.int/data/gho/indicator-metadata-registry/imr-details/52,PUBLISHED,Published,,2001,2001,,AFR,Africa,,WB_LMI,2001,2001,Lower-middle-income,,KEN,Kenya,,0,0.00000,,,,,
WHS3_50,Yellow fever - number of reported cases,https://www.who.int/data/gho/indicator-metadata-registry/imr-details/52,PUBLISHED,Published,,2002,2002,,AFR,Africa,,WB_LMI,2002,2002,Lower-middle-income,,KEN,Kenya,,0,0.00000,,,,,
WHS3_50,Yellow fever - number of reported cases,https://www.who.int/data/gho/indicator-metadata-registry/imr-details/52,PUBLISHED,Published,,2003,2003,,AFR,Africa,,WB_LMI,2003,2003,Lower-middle-income,,KEN,Kenya,,0,0.00000,,,,,
WHS3_50,Yellow fever - number of reported cases,https://www.who.int/data/gho/indicator-metadata-registry/imr-details/52,PUBLISHED,Published,,2004,2004,,AFR,Africa,,WB_LMI,2004,2004,Lower-middle-income,,KEN,Kenya,,0,0.00000,,,,,
WHS3_50,Yellow fever - number of reported cases,https://www.who.int/data/gho/indicator-metadata-registry/imr-details/52,PUBLISHED,Published,,2005,2005,,AFR,Africa,,WB_LMI,2005,2005,Lower-middle-income,,KEN,Kenya,,0,0.00000,,,,,
WHS3_50,Yellow fever - number of reported cases,https://www.who.int/data/gho/indicator-metadata-registry/imr-details/52,PUBLISHED,Published,,2006,2006,,AFR,Africa,,WB_LMI,2006,2006,Lower-middle-income,,KEN,Kenya,,0,0.00000,,,,,
WHS3_50,Yellow fever - number of reported cases,https://www.who.int/data/gho/indicator-metadata-registry/imr-details/52,PUBLISHED,Published,,2007,2007,,AFR,Africa,,WB_LMI,2007,2007,Lower-middle-income,,KEN,Kenya,,0,0.00000,,,,,
WHS3_50,Yellow fever - number of reported cases,https://www.who.int/data/gho/indicator-metadata-registry/imr-details/52,PUBLISHED,Published,,2008,2008,,AFR,Africa,,WB_LMI,2008,2008,Lower-middle-income,,KEN,Kenya,,0,0.00000,,,,,
WHS3_50,Yellow fever - number of reported cases,https://www.who.int/data/gho/indicator-metadata-registry/imr-details/52,PUBLISHED,Published,,2010,2010,,AFR,Africa,,WB_LMI,2010,2010,Lower-middle-income,,KEN,Kenya,,0,0.00000,,,,,
WHS3_50,Yellow fever - number of reported cases,https://www.who.int/data/gho/indicator-metadata-registry/imr-details/52,PUBLISHED,Published,,2011,2011,,AFR,Africa,,WB_LMI,2011,2011,Lower-middle-income,,KEN,Kenya,,0,0.00000,,,,,
WHS3_50,Yellow fever - number of reported cases,https://www.who.int/data/gho/indicator-metadata-registry/imr-details/52,PUBLISHED,Published,,2012,2012,,AFR,Africa,,WB_LMI,2012,2012,Lower-middle-income,,KEN,Kenya,,0,0.00000,,,,,
WHS3_50,Yellow fever - number of reported cases,https://www.who.int/data/gho/indicator-metadata-registry/imr-details/52,PUBLISHED,Published,,2013,2013,,AFR,Africa,,WB_LMI,2013,2013,Lower-middle-income,,KEN,Kenya,,0,0.00000,,,,,
WHS3_50,Yellow fever - number of reported cases,https://www.who.int/data/gho/indicator-metadata-registry/imr-details/52,PUBLISHED,Published,,2014,2014,,AFR,Africa,,WB_LMI,2014,2014,Lower-middle-income,,KEN,Kenya,,0,0.00000,,,,,
WHS3_50,Yellow fever - number of reported cases,https://www.who.int/data/gho/indicator-metadata-registry/imr-details/52,PUBLISHED,Published,,2015,2015,,AFR,Africa,,WB_LMI,2015,2015,Lower-middle-income,,KEN,Kenya,,0,0.00000,,,,,
WHS3_50,Yellow fever - number of reported cases,https://www.who.int/data/gho/indicator-metadata-registry/imr-details/52,PUBLISHED,Published,,2016,2016,,AFR,Africa,,WB_LMI,2016,2016,Lower-middle-income,,KEN,Kenya,,3,3.00000,,,,,
WHS3_50,Yellow fever - number of reported cases,https://www.who.int/data/gho/indicator-metadata-registry/imr-details/52,PUBLISHED,Published,,2017,2017,,AFR,Africa,,WB_LMI,2017,2017,Lower-middle-income,,KEN,Kenya,,0,0.00000,,,,,
WHS3_50,Yellow fever - number of reported cases,https://www.who.int/data/gho/indicator-metadata-registry/imr-details/52,PUBLISHED,Published,,2018,2018,,AFR,Africa,,WB_LMI,2018,2018,Lower-middle-income,,KEN,Kenya,,0,0.00000,,,,,
WHS3_50,Yellow fever - number of reported cases,https://www.who.int/data/gho/indicator-metadata-registry/imr-details/52,PUBLISHED,Published,,2019,2019,,AFR,Africa,,WB_LMI,2019,2019,Lower-middle-income,,KEN,Kenya,,0,0.00000,,,,,
WHS3_50,Yellow fever - number of reported cases,https://www.who.int/data/gho/indicator-metadata-registry/imr-details/52,PUBLISHED,Published,,2020,2020,,AFR,Africa,,WB_LMI,2020,2020,Lower-middle-income,,KEN,Kenya,,0,0.00000,,,,,
WHS3_53,Mumps - number of reported cases,https://www.who.int/data/gho/indicator-metadata-registry/imr-details/55,PUBLISHED,Published,,2000,2000,,AFR,Africa,,WB_LMI,2000,2000,Lower-middle-income,,KEN,Kenya,,30468,30468.00000,,,,,
WHS3_53,Mumps - number of reported cases,https://www.who.int/data/gho/indicator-metadata-registry/imr-details/55,PUBLISHED,Published,,2002,2002,,AFR,Africa,,WB_LMI,2002,2002,Lower-middle-income,,KEN,Kenya,,8831,8831.00000,,,,,
WHS3_53,Mumps - number of reported cases,https://www.who.int/data/gho/indicator-metadata-registry/imr-details/55,PUBLISHED,Published,,2003,2003,,AFR,Africa,,WB_LMI,2003,2003,Lower-middle-income,,KEN,Kenya,,0,0.00000,,,,,
WHS3_53,Mumps - number of reported cases,https://www.who.int/data/gho/indicator-metadata-registry/imr-details/55,PUBLISHED,Published,,2011,2011,,AFR,Africa,,WB_LMI,2011,2011,Lower-middle-income,,KEN,Kenya,,0,0.00000,,,,,
WHS3_53,Mumps - number of reported cases,https://www.who.int/data/gho/indicator-metadata-registry/imr-details/55,PUBLISHED,Published,,2012,2012,,AFR,Africa,,WB_LMI,2012,2012,Lower-middle-income,,KEN,Kenya,,0,0.00000,,,,,
WHS3_53,Mumps - number of reported cases,https://www.who.int/data/gho/indicator-metadata-registry/imr-details/55,PUBLISHED,Published,,2016,2016,,AFR,Africa,,WB_LMI,2016,2016,Lower-middle-income,,KEN,Kenya,,80960,80960.00000,,,,,
WHS3_53,Mumps - number of reported cases,https://www.who.int/data/gho/indicator-metadata-registry/imr-details/55,PUBLISHED,Published,,2020,2020,,AFR,Africa,,WB_LMI,2020,2020,Lower-middle-income,,KEN,Kenya,,53386,53386.00000,,,,,
WHS3_55,Congenital Rubella Syndrome - number of reported cases,https://www.who.int/data/gho/indicator-metadata-registry/imr-details/57,PUBLISHED,Published,,2011,2011,,AFR,Africa,,WB_LMI,2011,2011,Lower-middle-income,,KEN,Kenya,,0,0.00000,,,,,
WHS3_55,Congenital Rubella Syndrome - number of reported cases,https://www.who.int/data/gho/indicator-metadata-registry/imr-details/57,PUBLISHED,Published,,2012,2012,,AFR,Africa,,WB_LMI,2012,2012,Lower-middle-income,,KEN,Kenya,,0,0.00000,,,,,
WHS3_56,Neonatal tetanus - number of reported cases,https://www.who.int/data/gho/indicator-metadata-registry/imr-details/58,PUBLISHED,Published,,1982,1982,,AFR,Africa,,WB_LMI,1982,1982,Lower-middle-income,,KEN,Kenya,,497,497.00000,,,,,
WHS3_56,Neonatal tetanus - number of reported cases,https://www.who.int/data/gho/indicator-metadata-registry/imr-details/58,PUBLISHED,Published,,1985,1985,,AFR,Africa,,WB_LMI,1985,1985,Lower-middle-income,,KEN,Kenya,,17,17.00000,,,,,
WHS3_56,Neonatal tetanus - number of reported cases,https://www.who.int/data/gho/indicator-metadata-registry/imr-details/58,PUBLISHED,Published,,1986,1986,,AFR,Africa,,WB_LMI,1986,1986,Lower-middle-income,,KEN,Kenya,,23,23.00000,,,,,
WHS3_56,Neonatal tetanus - number of reported cases,https://www.who.int/data/gho/indicator-metadata-registry/imr-details/58,PUBLISHED,Published,,1990,1990,,AFR,Africa,,WB_LMI,1990,1990,Lower-middle-income,,KEN,Kenya,,1612,1612.00000,,,,,
WHS3_56,Neonatal tetanus - number of reported cases,https://www.who.int/data/gho/indicator-metadata-registry/imr-details/58,PUBLISHED,Published,,1993,1993,,AFR,Africa,,WB_LMI,1993,1993,Lower-middle-income,,KEN,Kenya,,8,8.00000,,,,,
WHS3_56,Neonatal tetanus - number of reported cases,https://www.who.int/data/gho/indicator-metadata-registry/imr-details/58,PUBLISHED,Published,,1994,1994,,AFR,Africa,,WB_LMI,1994,1994,Lower-middle-income,,KEN,Kenya,,50,50.00000,,,,,
WHS3_56,Neonatal tetanus - number of reported cases,https://www.who.int/data/gho/indicator-metadata-registry/imr-details/58,PUBLISHED,Published,,1995,1995,,AFR,Africa,,WB_LMI,1995,1995,Lower-middle-income,,KEN,Kenya,,30,30.00000,,,,,
WHS3_56,Neonatal tetanus - number of reported cases,https://www.who.int/data/gho/indicator-metadata-registry/imr-details/58,PUBLISHED,Published,,1996,1996,,AFR,Africa,,WB_LMI,1996,1996,Lower-middle-income,,KEN,Kenya,,23,23.00000,,,,,
WHS3_56,Neonatal tetanus - number of reported cases,https://www.who.int/data/gho/indicator-metadata-registry/imr-details/58,PUBLISHED,Published,,1997,1997,,AFR,Africa,,WB_LMI,1997,1997,Lower-middle-income,,KEN,Kenya,,27,27.00000,,,,,
WHS3_56,Neonatal tetanus - number of reported cases,https://www.who.int/data/gho/indicator-metadata-registry/imr-details/58,PUBLISHED,Published,,1998,1998,,AFR,Africa,,WB_LMI,1998,1998,Lower-middle-income,,KEN,Kenya,,71,71.00000,,,,,
WHS3_56,Neonatal tetanus - number of reported cases,https://www.who.int/data/gho/indicator-metadata-registry/imr-details/58,PUBLISHED,Published,,1999,1999,,AFR,Africa,,WB_LMI,1999,1999,Lower-middle-income,,KEN,Kenya,,259,259.00000,,,,,
WHS3_56,Neonatal tetanus - number of reported cases,https://www.who.int/data/gho/indicator-metadata-registry/imr-details/58,PUBLISHED,Published,,2000,2000,,AFR,Africa,,WB_LMI,2000,2000,Lower-middle-income,,KEN,Kenya,,1278,1278.00000,,,,,
WHS3_56,Neonatal tetanus - number of reported cases,https://www.who.int/data/gho/indicator-metadata-registry/imr-details/58,PUBLISHED,Published,,2001,2001,,AFR,Africa,,WB_LMI,2001,2001,Lower-middle-income,,KEN,Kenya,,132,132.00000,,,,,
WHS3_56,Neonatal tetanus - number of reported cases,https://www.who.int/data/gho/indicator-metadata-registry/imr-details/58,PUBLISHED,Published,,2002,2002,,AFR,Africa,,WB_LMI,2002,2002,Lower-middle-income,,KEN,Kenya,,95,95.00000,,,,,
WHS3_56,Neonatal tetanus - number of reported cases,https://www.who.int/data/gho/indicator-metadata-registry/imr-details/58,PUBLISHED,Published,,2003,2003,,AFR,Africa,,WB_LMI,2003,2003,Lower-middle-income,,KEN,Kenya,,41,41.00000,,,,,
WHS3_56,Neonatal tetanus - number of reported cases,https://www.who.int/data/gho/indicator-metadata-registry/imr-details/58,PUBLISHED,Published,,2004,2004,,AFR,Africa,,WB_LMI,2004,2004,Lower-middle-income,,KEN,Kenya,,78,78.00000,,,,,
WHS3_56,Neonatal tetanus - number of reported cases,https://www.who.int/data/gho/indicator-metadata-registry/imr-details/58,PUBLISHED,Published,,2005,2005,,AFR,Africa,,WB_LMI,2005,2005,Lower-middle-income,,KEN,Kenya,,56,56.00000,,,,,
WHS3_56,Neonatal tetanus - number of reported cases,https://www.who.int/data/gho/indicator-metadata-registry/imr-details/58,PUBLISHED,Published,,2006,2006,,AFR,Africa,,WB_LMI,2006,2006,Lower-middle-income,,KEN,Kenya,,38,38.00000,,,,,
WHS3_56,Neonatal tetanus - number of reported cases,https://www.who.int/data/gho/indicator-metadata-registry/imr-details/58,PUBLISHED,Published,,2007,2007,,AFR,Africa,,WB_LMI,2007,2007,Lower-middle-income,,KEN,Kenya,,52,52.00000,,,,,
WHS3_56,Neonatal tetanus - number of reported cases,https://www.who.int/data/gho/indicator-metadata-registry/imr-details/58,PUBLISHED,Published,,2008,2008,,AFR,Africa,,WB_LMI,2008,2008,Lower-middle-income,,KEN,Kenya,,30,30.00000,,,,,
WHS3_56,Neonatal tetanus - number of reported cases,https://www.who.int/data/gho/indicator-metadata-registry/imr-details/58,PUBLISHED,Published,,2009,2009,,AFR,Africa,,WB_LMI,2009,2009,Lower-middle-income,,KEN,Kenya,,9,9.00000,,,,,
WHS3_56,Neonatal tetanus - number of reported cases,https://www.who.int/data/gho/indicator-metadata-registry/imr-details/58,PUBLISHED,Published,,2010,2010,,AFR,Africa,,WB_LMI,2010,2010,Lower-middle-income,,KEN,Kenya,,7,7.00000,,,,,
WHS3_56,Neonatal tetanus - number of reported cases,https://www.who.int/data/gho/indicator-metadata-registry/imr-details/58,PUBLISHED,Published,,2012,2012,,AFR,Africa,,WB_LMI,2012,2012,Lower-middle-income,,KEN,Kenya,,2,2.00000,,,,,
WHS3_56,Neonatal tetanus - number of reported cases,https://www.who.int/data/gho/indicator-metadata-registry/imr-details/58,PUBLISHED,Published,,2013,2013,,AFR,Africa,,WB_LMI,2013,2013,Lower-middle-income,,KEN,Kenya,,1,1.00000,,,,,
WHS3_56,Neonatal tetanus - number of reported cases,https://www.who.int/data/gho/indicator-metadata-registry/imr-details/58,PUBLISHED,Published,,2014,2014,,AFR,Africa,,WB_LMI,2014,2014,Lower-middle-income,,KEN,Kenya,,36,36.00000,,,,,
WHS3_56,Neonatal tetanus - number of reported cases,https://www.who.int/data/gho/indicator-metadata-registry/imr-details/58,PUBLISHED,Published,,2015,2015,,AFR,Africa,,WB_LMI,2015,2015,Lower-middle-income,,KEN,Kenya,,32,32.00000,,,,,
WHS3_56,Neonatal tetanus - number of reported cases,https://www.who.int/data/gho/indicator-metadata-registry/imr-details/58,PUBLISHED,Published,,2016,2016,,AFR,Africa,,WB_LMI,2016,2016,Lower-middle-income,,KEN,Kenya,,317,317.00000,,,,,
WHS3_56,Neonatal tetanus - number of reported cases,https://www.who.int/data/gho/indicator-metadata-registry/imr-details/58,PUBLISHED,Published,,2020,2020,,AFR,Africa,,WB_LMI,2020,2020,Lower-middle-income,,KEN,Kenya,,0,0.00000,,,,,
WHS3_57,Total rubella - number of reported cases,https://www.who.int/data/gho/indicator-metadata-registry/imr-details/59,PUBLISHED,Published,,2001,2001,,AFR,Africa,,WB_LMI,2001,2001,Lower-middle-income,,KEN,Kenya,,204,204.00000,,,,,
WHS3_57,Total rubella - number of reported cases,https://www.who.int/data/gho/indicator-metadata-registry/imr-details/59,PUBLISHED,Published,,2003,2003,,AFR,Africa,,WB_LMI,2003,2003,Lower-middle-income,,KEN,Kenya,,811,811.00000,,,,,
WHS3_57,Total rubella - number of reported cases,https://www.who.int/data/gho/indicator-metadata-registry/imr-details/59,PUBLISHED,Published,,2004,2004,,AFR,Africa,,WB_LMI,2004,2004,Lower-middle-income,,KEN,Kenya,,1068,1068.00000,,,,,
WHS3_57,Total rubella - number of reported cases,https://www.who.int/data/gho/indicator-metadata-registry/imr-details/59,PUBLISHED,Published,,2005,2005,,AFR,Africa,,WB_LMI,2005,2005,Lower-middle-income,,KEN,Kenya,,341,341.00000,,,,,
WHS3_57,Total rubella - number of reported cases,https://www.who.int/data/gho/indicator-metadata-registry/imr-details/59,PUBLISHED,Published,,2006,2006,,AFR,Africa,,WB_LMI,2006,2006,Lower-middle-income,,KEN,Kenya,,517,517.00000,,,,,
WHS3_57,Total rubella - number of reported cases,https://www.who.int/data/gho/indicator-metadata-registry/imr-details/59,PUBLISHED,Published,,2007,2007,,AFR,Africa,,WB_LMI,2007,2007,Lower-middle-income,,KEN,Kenya,,387,387.00000,,,,,
WHS3_57,Total rubella - number of reported cases,https://www.who.int/data/gho/indicator-metadata-registry/imr-details/59,PUBLISHED,Published,,2008,2008,,AFR,Africa,,WB_LMI,2008,2008,Lower-middle-income,,KEN,Kenya,,1280,1280.00000,,,,,
WHS3_57,Total rubella - number of reported cases,https://www.who.int/data/gho/indicator-metadata-registry/imr-details/59,PUBLISHED,Published,,2009,2009,,AFR,Africa,,WB_LMI,2009,2009,Lower-middle-income,,KEN,Kenya,,1305,1305.00000,,,,,
WHS3_57,Total rubella - number of reported cases,https://www.who.int/data/gho/indicator-metadata-registry/imr-details/59,PUBLISHED,Published,,2010,2010,,AFR,Africa,,WB_LMI,2010,2010,Lower-middle-income,,KEN,Kenya,,473,473.00000,,,,,
WHS3_57,Total rubella - number of reported cases,https://www.who.int/data/gho/indicator-metadata-registry/imr-details/59,PUBLISHED,Published,,2011,2011,,AFR,Africa,,WB_LMI,2011,2011,Lower-middle-income,,KEN,Kenya,,610,610.00000,,,,,
WHS3_57,Total rubella - number of reported cases,https://www.who.int/data/gho/indicator-metadata-registry/imr-details/59,PUBLISHED,Published,,2013,2013,,AFR,Africa,,WB_LMI,2013,2013,Lower-middle-income,,KEN,Kenya,,299,299.00000,,,,,
WHS3_57,Total rubella - number of reported cases,https://www.who.int/data/gho/indicator-metadata-registry/imr-details/59,PUBLISHED,Published,,2014,2014,,AFR,Africa,,WB_LMI,2014,2014,Lower-middle-income,,KEN,Kenya,,651,651.00000,,,,,
WHS3_57,Total rubella - number of reported cases,https://www.who.int/data/gho/indicator-metadata-registry/imr-details/59,PUBLISHED,Published,,2015,2015,,AFR,Africa,,WB_LMI,2015,2015,Lower-middle-income,,KEN,Kenya,,422,422.00000,,,,,
WHS3_57,Total rubella - number of reported cases,https://www.who.int/data/gho/indicator-metadata-registry/imr-details/59,PUBLISHED,Published,,2016,2016,,AFR,Africa,,WB_LMI,2016,2016,Lower-middle-income,,KEN,Kenya,,331,331.00000,,,,,
WHS3_57,Total rubella - number of reported cases,https://www.who.int/data/gho/indicator-metadata-registry/imr-details/59,PUBLISHED,Published,,2017,2017,,AFR,Africa,,WB_LMI,2017,2017,Lower-middle-income,,KEN,Kenya,,14,14.00000,,,,,
WHS3_57,Total rubella - number of reported cases,https://www.who.int/data/gho/indicator-metadata-registry/imr-details/59,PUBLISHED,Published,,2018,2018,,AFR,Africa,,WB_LMI,2018,2018,Lower-middle-income,,KEN,Kenya,,24,24.00000,,,,,
WHS3_57,Total rubella - number of reported cases,https://www.who.int/data/gho/indicator-metadata-registry/imr-details/59,PUBLISHED,Published,,2019,2019,,AFR,Africa,,WB_LMI,2019,2019,Lower-middle-income,,KEN,Kenya,,66,66.00000,,,,,
WHS3_57,Total rubella - number of reported cases,https://www.who.int/data/gho/indicator-metadata-registry/imr-details/59,PUBLISHED,Published,,2020,2020,,AFR,Africa,,WB_LMI,2020,2020,Lower-middle-income,,KEN,Kenya,,21,21.00000,,,,,
WHS3_62,Measles - number of reported cases,https://www.who.int/data/gho/indicator-metadata-registry/imr-details/60,PUBLISHED,Published,,1974,1974,,AFR,Africa,,WB_LMI,1974,1974,Lower-middle-income,,KEN,Kenya,,38885,38885.00000,,,,,
WHS3_62,Measles - number of reported cases,https://www.who.int/data/gho/indicator-metadata-registry/imr-details/60,PUBLISHED,Published,,1975,1975,,AFR,Africa,,WB_LMI,1975,1975,Lower-middle-income,,KEN,Kenya,,33868,33868.00000,,,,,
WHS3_62,Measles - number of reported cases,https://www.who.int/data/gho/indicator-metadata-registry/imr-details/60,PUBLISHED,Published,,1976,1976,,AFR,Africa,,WB_LMI,1976,1976,Lower-middle-income,,KEN,Kenya,,34649,34649.00000,,,,,
WHS3_62,Measles - number of reported cases,https://www.who.int/data/gho/indicator-metadata-registry/imr-details/60,PUBLISHED,Published,,1977,1977,,AFR,Africa,,WB_LMI,1977,1977,Lower-middle-income,,KEN,Kenya,,48758,48758.00000,,,,,
WHS3_62,Measles - number of reported cases,https://www.who.int/data/gho/indicator-metadata-registry/imr-details/60,PUBLISHED,Published,,1978,1978,,AFR,Africa,,WB_LMI,1978,1978,Lower-middle-income,,KEN,Kenya,,41572,41572.00000,,,,,
WHS3_62,Measles - number of reported cases,https://www.who.int/data/gho/indicator-metadata-registry/imr-details/60,PUBLISHED,Published,,1979,1979,,AFR,Africa,,WB_LMI,1979,1979,Lower-middle-income,,KEN,Kenya,,66792,66792.00000,,,,,
WHS3_62,Measles - number of reported cases,https://www.who.int/data/gho/indicator-metadata-registry/imr-details/60,PUBLISHED,Published,,1980,1980,,AFR,Africa,,WB_LMI,1980,1980,Lower-middle-income,,KEN,Kenya,,28473,28473.00000,,,,,
WHS3_62,Measles - number of reported cases,https://www.who.int/data/gho/indicator-metadata-registry/imr-details/60,PUBLISHED,Published,,1981,1981,,AFR,Africa,,WB_LMI,1981,1981,Lower-middle-income,,KEN,Kenya,,257839,257839.00000,,,,,
WHS3_62,Measles - number of reported cases,https://www.who.int/data/gho/indicator-metadata-registry/imr-details/60,PUBLISHED,Published,,1982,1982,,AFR,Africa,,WB_LMI,1982,1982,Lower-middle-income,,KEN,Kenya,,270767,270767.00000,,,,,
WHS3_62,Measles - number of reported cases,https://www.who.int/data/gho/indicator-metadata-registry/imr-details/60,PUBLISHED,Published,,1983,1983,,AFR,Africa,,WB_LMI,1983,1983,Lower-middle-income,,KEN,Kenya,,285681,285681.00000,,,,,
WHS3_62,Measles - number of reported cases,https://www.who.int/data/gho/indicator-metadata-registry/imr-details/60,PUBLISHED,Published,,1984,1984,,AFR,Africa,,WB_LMI,1984,1984,Lower-middle-income,,KEN,Kenya,,200143,200143.00000,,,,,
WHS3_62,Measles - number of reported cases,https://www.who.int/data/gho/indicator-metadata-registry/imr-details/60,PUBLISHED,Published,,1985,1985,,AFR,Africa,,WB_LMI,1985,1985,Lower-middle-income,,KEN,Kenya,,111492,111492.00000,,,,,
WHS3_62,Measles - number of reported cases,https://www.who.int/data/gho/indicator-metadata-registry/imr-details/60,PUBLISHED,Published,,1986,1986,,AFR,Africa,,WB_LMI,1986,1986,Lower-middle-income,,KEN,Kenya,,26199,26199.00000,,,,,
WHS3_62,Measles - number of reported cases,https://www.who.int/data/gho/indicator-metadata-registry/imr-details/60,PUBLISHED,Published,,1987,1987,,AFR,Africa,,WB_LMI,1987,1987,Lower-middle-income,,KEN,Kenya,,49858,49858.00000,,,,,
WHS3_62,Measles - number of reported cases,https://www.who.int/data/gho/indicator-metadata-registry/imr-details/60,PUBLISHED,Published,,1988,1988,,AFR,Africa,,WB_LMI,1988,1988,Lower-middle-income,,KEN,Kenya,,70200,70200.00000,,,,,
WHS3_62,Measles - number of reported cases,https://www.who.int/data/gho/indicator-metadata-registry/imr-details/60,PUBLISHED,Published,,1989,1989,,AFR,Africa,,WB_LMI,1989,1989,Lower-middle-income,,KEN,Kenya,,86727,86727.00000,,,,,
WHS3_62,Measles - number of reported cases,https://www.who.int/data/gho/indicator-metadata-registry/imr-details/60,PUBLISHED,Published,,1990,1990,,AFR,Africa,,WB_LMI,1990,1990,Lower-middle-income,,KEN,Kenya,,77072,77072.00000,,,,,
WHS3_62,Measles - number of reported cases,https://www.who.int/data/gho/indicator-metadata-registry/imr-details/60,PUBLISHED,Published,,1991,1991,,AFR,Africa,,WB_LMI,1991,1991,Lower-middle-income,,KEN,Kenya,,59937,59937.00000,,,,,
WHS3_62,Measles - number of reported cases,https://www.who.int/data/gho/indicator-metadata-registry/imr-details/60,PUBLISHED,Published,,1992,1992,,AFR,Africa,,WB_LMI,1992,1992,Lower-middle-income,,KEN,Kenya,,65004,65004.00000,,,,,
WHS3_62,Measles - number of reported cases,https://www.who.int/data/gho/indicator-metadata-registry/imr-details/60,PUBLISHED,Published,,1993,1993,,AFR,Africa,,WB_LMI,1993,1993,Lower-middle-income,,KEN,Kenya,,961,961.00000,,,,,
WHS3_62,Measles - number of reported cases,https://www.who.int/data/gho/indicator-metadata-registry/imr-details/60,PUBLISHED,Published,,1994,1994,,AFR,Africa,,WB_LMI,1994,1994,Lower-middle-income,,KEN,Kenya,,4180,4180.00000,,,,,
WHS3_62,Measles - number of reported cases,https://www.who.int/data/gho/indicator-metadata-registry/imr-details/60,PUBLISHED,Published,,1995,1995,,AFR,Africa,,WB_LMI,1995,1995,Lower-middle-income,,KEN,Kenya,,3322,3322.00000,,,,,
WHS3_62,Measles - number of reported cases,https://www.who.int/data/gho/indicator-metadata-registry/imr-details/60,PUBLISHED,Published,,1996,1996,,AFR,Africa,,WB_LMI,1996,1996,Lower-middle-income,,KEN,Kenya,,3572,3572.00000,,,,,
WHS3_62,Measles - number of reported cases,https://www.who.int/data/gho/indicator-metadata-registry/imr-details/60,PUBLISHED,Published,,1997,1997,,AFR,Africa,,WB_LMI,1997,1997,Lower-middle-income,,KEN,Kenya,,3339,3339.00000,,,,,
WHS3_62,Measles - number of reported cases,https://www.who.int/data/gho/indicator-metadata-registry/imr-details/60,PUBLISHED,Published,,1998,1998,,AFR,Africa,,WB_LMI,1998,1998,Lower-middle-income,,KEN,Kenya,,9262,9262.00000,,,,,
WHS3_62,Measles - number of reported cases,https://www.who.int/data/gho/indicator-metadata-registry/imr-details/60,PUBLISHED,Published,,1999,1999,,AFR,Africa,,WB_LMI,1999,1999,Lower-middle-income,,KEN,Kenya,,8601,8601.00000,,,,,
WHS3_62,Measles - number of reported cases,https://www.who.int/data/gho/indicator-metadata-registry/imr-details/60,PUBLISHED,Published,,2000,2000,,AFR,Africa,,WB_LMI,2000,2000,Lower-middle-income,,KEN,Kenya,,21002,21002.00000,,,,,
WHS3_62,Measles - number of reported cases,https://www.who.int/data/gho/indicator-metadata-registry/imr-details/60,PUBLISHED,Published,,2001,2001,,AFR,Africa,,WB_LMI,2001,2001,Lower-middle-income,,KEN,Kenya,,11304,11304.00000,,,,,
WHS3_62,Measles - number of reported cases,https://www.who.int/data/gho/indicator-metadata-registry/imr-details/60,PUBLISHED,Published,,2002,2002,,AFR,Africa,,WB_LMI,2002,2002,Lower-middle-income,,KEN,Kenya,,766,766.00000,,,,,
WHS3_62,Measles - number of reported cases,https://www.who.int/data/gho/indicator-metadata-registry/imr-details/60,PUBLISHED,Published,,2003,2003,,AFR,Africa,,WB_LMI,2003,2003,Lower-middle-income,,KEN,Kenya,,65,65.00000,,,,,
WHS3_62,Measles - number of reported cases,https://www.who.int/data/gho/indicator-metadata-registry/imr-details/60,PUBLISHED,Published,,2004,2004,,AFR,Africa,,WB_LMI,2004,2004,Lower-middle-income,,KEN,Kenya,,20,20.00000,,,,,
WHS3_62,Measles - number of reported cases,https://www.who.int/data/gho/indicator-metadata-registry/imr-details/60,PUBLISHED,Published,,2005,2005,,AFR,Africa,,WB_LMI,2005,2005,Lower-middle-income,,KEN,Kenya,,153,153.00000,,,,,
WHS3_62,Measles - number of reported cases,https://www.who.int/data/gho/indicator-metadata-registry/imr-details/60,PUBLISHED,Published,,2006,2006,,AFR,Africa,,WB_LMI,2006,2006,Lower-middle-income,,KEN,Kenya,,1847,1847.00000,,,,,
WHS3_62,Measles - number of reported cases,https://www.who.int/data/gho/indicator-metadata-registry/imr-details/60,PUBLISHED,Published,,2007,2007,,AFR,Africa,,WB_LMI,2007,2007,Lower-middle-income,,KEN,Kenya,,1516,1516.00000,,,,,
WHS3_62,Measles - number of reported cases,https://www.who.int/data/gho/indicator-metadata-registry/imr-details/60,PUBLISHED,Published,,2008,2008,,AFR,Africa,,WB_LMI,2008,2008,Lower-middle-income,,KEN,Kenya,,1282,1282.00000,,,,,
WHS3_62,Measles - number of reported cases,https://www.who.int/data/gho/indicator-metadata-registry/imr-details/60,PUBLISHED,Published,,2009,2009,,AFR,Africa,,WB_LMI,2009,2009,Lower-middle-income,,KEN,Kenya,,1218,1218.00000,,,,,
WHS3_62,Measles - number of reported cases,https://www.who.int/data/gho/indicator-metadata-registry/imr-details/60,PUBLISHED,Published,,2010,2010,,AFR,Africa,,WB_LMI,2010,2010,Lower-middle-income,,KEN,Kenya,,95,95.00000,,,,,
WHS3_62,Measles - number of reported cases,https://www.who.int/data/gho/indicator-metadata-registry/imr-details/60,PUBLISHED,Published,,2011,2011,,AFR,Africa,,WB_LMI,2011,2011,Lower-middle-income,,KEN,Kenya,,2395,2395.00000,,,,,
WHS3_62,Measles - number of reported cases,https://www.who.int/data/gho/indicator-metadata-registry/imr-details/60,PUBLISHED,Published,,2013,2013,,AFR,Africa,,WB_LMI,2013,2013,Lower-middle-income,,KEN,Kenya,,190,190.00000,,,,,
WHS3_62,Measles - number of reported cases,https://www.who.int/data/gho/indicator-metadata-registry/imr-details/60,PUBLISHED,Published,,2014,2014,,AFR,Africa,,WB_LMI,2014,2014,Lower-middle-income,,KEN,Kenya,,354,354.00000,,,,,
WHS3_62,Measles - number of reported cases,https://www.who.int/data/gho/indicator-metadata-registry/imr-details/60,PUBLISHED,Published,,2015,2015,,AFR,Africa,,WB_LMI,2015,2015,Lower-middle-income,,KEN,Kenya,,95,95.00000,,,,,
WHS3_62,Measles - number of reported cases,https://www.who.int/data/gho/indicator-metadata-registry/imr-details/60,PUBLISHED,Published,,2016,2016,,AFR,Africa,,WB_LMI,2016,2016,Lower-middle-income,,KEN,Kenya,,128,128.00000,,,,,
WHS3_62,Measles - number of reported cases,https://www.who.int/data/gho/indicator-metadata-registry/imr-details/60,PUBLISHED,Published,,2017,2017,,AFR,Africa,,WB_LMI,2017,2017,Lower-middle-income,,KEN,Kenya,,63,63.00000,,,,,
WHS3_62,Measles - number of reported cases,https://www.who.int/data/gho/indicator-metadata-registry/imr-details/60,PUBLISHED,Published,,2018,2018,,AFR,Africa,,WB_LMI,2018,2018,Lower-middle-income,,KEN,Kenya,,822,822.00000,,,,,
WHS3_62,Measles - number of reported cases,https://www.who.int/data/gho/indicator-metadata-registry/imr-details/60,PUBLISHED,Published,,2019,2019,,AFR,Africa,,WB_LMI,2019,2019,Lower-middle-income,,KEN,Kenya,,439,439.00000,,,,,
WHS3_62,Measles - number of reported cases,https://www.who.int/data/gho/indicator-metadata-registry/imr-details/60,PUBLISHED,Published,,2020,2020,,AFR,Africa,,WB_LMI,2020,2020,Lower-middle-income,,KEN,Kenya,,597,597.00000,,,,,
